-- phpMyAdmin SQL Dump
-- version 4.9.0.1
-- https://www.phpmyadmin.net/
--
-- Hôte : 127.0.0.1
-- Généré le :  sam. 15 août 2020 à 15:49
-- Version du serveur :  10.4.6-MariaDB
-- Version de PHP :  7.3.9

SET SQL_MODE = "NO_AUTO_VALUE_ON_ZERO";
SET AUTOCOMMIT = 0;
START TRANSACTION;
SET time_zone = "+00:00";


/*!40101 SET @OLD_CHARACTER_SET_CLIENT=@@CHARACTER_SET_CLIENT */;
/*!40101 SET @OLD_CHARACTER_SET_RESULTS=@@CHARACTER_SET_RESULTS */;
/*!40101 SET @OLD_COLLATION_CONNECTION=@@COLLATION_CONNECTION */;
/*!40101 SET NAMES utf8mb4 */;

--
-- Base de données :  `e_stage`
--

-- --------------------------------------------------------

--
-- Structure de la table `commentaire`
--

CREATE TABLE `commentaire` (
  `id` bigint(20) NOT NULL,
  `contenu` varchar(255) DEFAULT NULL,
  `date` date DEFAULT NULL
) ENGINE=InnoDB DEFAULT CHARSET=latin1;

-- --------------------------------------------------------

--
-- Structure de la table `demande_stage`
--

CREATE TABLE `demande_stage` (
  `id` bigint(20) NOT NULL,
  `decision_tomake` bit(1) NOT NULL,
  `date_deb` date DEFAULT NULL,
  `date_fin` date DEFAULT NULL,
  `domaine` varchar(255) DEFAULT NULL,
  `final_decision` varchar(255) DEFAULT NULL,
  `statut` varchar(255) DEFAULT NULL,
  `commentaire_id` bigint(20) DEFAULT NULL,
  `entretien_id` bigint(20) DEFAULT NULL,
  `etat_civile_id` bigint(20) DEFAULT NULL,
  `hobbies_id` bigint(20) DEFAULT NULL,
  `lettre_motivation_id` bigint(20) DEFAULT NULL,
  `responsable_domaine` bigint(20) DEFAULT NULL,
  `stagiaire` bigint(20) DEFAULT NULL
) ENGINE=InnoDB DEFAULT CHARSET=latin1;

-- --------------------------------------------------------

--
-- Structure de la table `document_administratif`
--

CREATE TABLE `document_administratif` (
  `id` bigint(20) NOT NULL,
  `titre` varchar(255) DEFAULT NULL,
  `demande_stage` bigint(20) DEFAULT NULL
) ENGINE=InnoDB DEFAULT CHARSET=latin1;

-- --------------------------------------------------------

--
-- Structure de la table `entretien`
--

CREATE TABLE `entretien` (
  `id` bigint(20) NOT NULL,
  `date` date DEFAULT NULL,
  `time` time DEFAULT NULL,
  `responsable_domaine` bigint(20) DEFAULT NULL
) ENGINE=InnoDB DEFAULT CHARSET=latin1;

-- --------------------------------------------------------

--
-- Structure de la table `etat_civile`
--

CREATE TABLE `etat_civile` (
  `id` bigint(20) NOT NULL,
  `adresse` varchar(255) DEFAULT NULL,
  `code_postal` int(11) NOT NULL,
  `num_tel` varchar(255) DEFAULT NULL,
  `photo` varchar(255) DEFAULT NULL,
  `profile` varchar(255) DEFAULT NULL,
  `pays` varchar(255) DEFAULT NULL,
  `ville` bigint(20) DEFAULT NULL
) ENGINE=InnoDB DEFAULT CHARSET=latin1;

-- --------------------------------------------------------

--
-- Structure de la table `experiences`
--

CREATE TABLE `experiences` (
  `id` bigint(20) NOT NULL,
  `description` longtext DEFAULT NULL,
  `date_deb` tinyblob DEFAULT NULL,
  `date_fin` tinyblob DEFAULT NULL,
  `entreprise` varchar(255) DEFAULT NULL,
  `titre` varchar(255) DEFAULT NULL,
  `demande_stage` bigint(20) DEFAULT NULL
) ENGINE=InnoDB DEFAULT CHARSET=latin1;

-- --------------------------------------------------------

--
-- Structure de la table `formations`
--

CREATE TABLE `formations` (
  `id` bigint(20) NOT NULL,
  `description` longtext DEFAULT NULL,
  `date_deb` tinyblob DEFAULT NULL,
  `date_fin` tinyblob DEFAULT NULL,
  `institution` varchar(255) DEFAULT NULL,
  `titre` varchar(255) DEFAULT NULL,
  `demande_stage_id` bigint(20) DEFAULT NULL
) ENGINE=InnoDB DEFAULT CHARSET=latin1;

-- --------------------------------------------------------

--
-- Structure de la table `hibernate_sequence`
--

CREATE TABLE `hibernate_sequence` (
  `next_val` bigint(20) DEFAULT NULL
) ENGINE=InnoDB DEFAULT CHARSET=latin1;

--
-- Déchargement des données de la table `hibernate_sequence`
--

INSERT INTO `hibernate_sequence` (`next_val`) VALUES
(29),
(29),
(29),
(29),
(29),
(29),
(29),
(29),
(29),
(29),
(29),
(29),
(29);

-- --------------------------------------------------------

--
-- Structure de la table `hobbies`
--

CREATE TABLE `hobbies` (
  `id` bigint(20) NOT NULL,
  `hobbies` longtext DEFAULT NULL
) ENGINE=InnoDB DEFAULT CHARSET=latin1;

-- --------------------------------------------------------

--
-- Structure de la table `lettre_motivation`
--

CREATE TABLE `lettre_motivation` (
  `id` bigint(20) NOT NULL,
  `contenu` longtext DEFAULT NULL,
  `titre` varchar(255) DEFAULT NULL
) ENGINE=InnoDB DEFAULT CHARSET=latin1;

-- --------------------------------------------------------

--
-- Structure de la table `notification`
--

CREATE TABLE `notification` (
  `id` bigint(20) NOT NULL,
  `contenu` varchar(255) DEFAULT NULL,
  `date` date DEFAULT NULL,
  `demande_stage` bigint(20) DEFAULT NULL,
  `destination_id` bigint(20) DEFAULT NULL
) ENGINE=InnoDB DEFAULT CHARSET=latin1;

-- --------------------------------------------------------

--
-- Structure de la table `pays`
--

CREATE TABLE `pays` (
  `code` varchar(255) NOT NULL,
  `capitale` varchar(255) DEFAULT NULL,
  `nom` varchar(255) DEFAULT NULL
) ENGINE=InnoDB DEFAULT CHARSET=latin1;

--
-- Déchargement des données de la table `pays`
--

INSERT INTO `pays` (`code`, `capitale`, `nom`) VALUES
('A', 'Vienna', 'Austria'),
('AFG', 'Kabul', 'Afghanistan'),
('AG', 'Saint Johns', 'Antigua and Barbuda'),
('AL', 'Tirane', 'Albania'),
('AMSA', 'Pago Pago', 'American Samoa'),
('AND', 'Andorra la Vella', 'Andorra'),
('ANG', 'Luanda', 'Angola'),
('ARM', 'Yerevan', 'Armenia'),
('ARU', 'Oranjestad', 'Aruba'),
('AUS', 'Canberra', 'Australia'),
('AXA', 'The Valley', 'Anguilla'),
('AZ', 'Baku', 'Azerbaijan'),
('B', 'Brussels', 'Belgium'),
('BD', 'Dhaka', 'Bangladesh'),
('BDS', 'Bridgetown', 'Barbados'),
('BEN', 'Porto-Novo', 'Benin'),
('BERM', 'Hamilton', 'Bermuda'),
('BF', 'Ouagadougou', 'Burkina Faso'),
('BG', 'Sofia', 'Bulgaria'),
('BHT', 'Thimphu', 'Bhutan'),
('BI', 'Bujumbura', 'Burundi'),
('BIH', 'Sarajevo', 'Bosnia and Herzegovina'),
('BOL', 'La Paz', 'Bolivia'),
('BR', 'Brasilia', 'Brazil'),
('BRN', 'Manama', 'Bahrain'),
('BRU', 'Bandar Seri Begawan', 'Brunei'),
('BS', 'Nassau', 'Bahamas'),
('BVIR', 'Road Town', 'British Virgin Islands'),
('BY', 'Minsk', 'Belarus'),
('BZ', 'Belmopan', 'Belize'),
('C', 'Havana', 'Cuba'),
('CAM', 'Yaounde', 'Cameroon'),
('CAYM', 'George Town', 'Cayman Islands'),
('CDN', 'Ottawa', 'Canada'),
('CH', 'Bern', 'Switzerland'),
('CI', 'Yamoussoukro', 'Cote dIvoire'),
('CL', 'Colombo', 'Sri Lanka'),
('CO', 'Bogota', 'Colombia'),
('COCO', 'West Island', 'Cocos Islands'),
('COM', 'Moroni', 'Comoros'),
('COOK', 'Avarua', 'Cook Islands'),
('CR', 'San Jose', 'Costa Rica'),
('CV', 'Praia', 'Cape Verde'),
('CY', 'Nicosia', 'Cyprus'),
('CZ', 'Prague', 'Czech Republic'),
('D', 'Berlin', 'Germany'),
('DJI', 'Djibouti', 'Djibouti'),
('DK', 'Copenhagen', 'Denmark'),
('DOM', 'Santo Domingo', 'Dominican Republic'),
('DZ', 'Algier', 'Algeria'),
('E', 'Madrid', 'Spain'),
('EAK', 'Nairobi', 'Kenya'),
('EAT', 'Dar es Salaam', 'Tanzania'),
('EAU', 'Kampala', 'Uganda'),
('EC', 'Quito', 'Ecuador'),
('ER', 'Asmara', 'Eritrea'),
('ES', 'San Salvador', 'El Salvador'),
('ET', 'Cairo', 'Egypt'),
('ETH', 'Addis Ababa', 'Ethiopia'),
('EW', 'Tallinn', 'Estonia'),
('F', 'Paris', 'France'),
('FALK', 'Stanley', 'Falkland Islands'),
('FARX', 'Torshavn', 'Faroe Islands'),
('FGU', 'Cayenne', 'French Guiana'),
('FJI', 'Suva', 'Fiji'),
('FL', 'Vaduz', 'Liechtenstein'),
('FPOL', 'Papeete', 'French Polynesia'),
('FSM', 'Palikir', 'Micronesia'),
('G', 'Libreville', 'Gabon'),
('GAZA', NULL, 'Gaza Strip'),
('GB', 'London', 'United Kingdom'),
('GBG', 'Saint Peter Port', 'Guernsey'),
('GBJ', 'Saint Helier', 'Jersey'),
('GBM', 'Douglas', 'Man'),
('GBZ', 'Gibraltar', 'Gibraltar'),
('GCA', 'Guatemala City', 'Guatemala'),
('GE', 'Tbilisi', 'Georgia'),
('GH', 'Accra', 'Ghana'),
('GNB', 'Bissau', 'Guinea-Bissau'),
('GQ', 'Malabo', 'Equatorial Guinea'),
('GR', 'Athens', 'Greece'),
('GROX', 'Nuuk', 'Greenland'),
('GUAD', 'Basse-Terre', 'Guadeloupe'),
('GUAM', 'Agana', 'Guam'),
('GUY', 'Georgetown', 'Guyana'),
('H', 'Budapest', 'Hungary'),
('HCA', 'Tegucigalpa', 'Honduras'),
('HELX', 'Jamestown', 'Saint Helena'),
('HONX', 'Hong Kong', 'Hong Kong'),
('HR', 'Zagreb', 'Croatia'),
('I', 'Rome', 'Italy'),
('IL', 'Jerusalem', 'Israel'),
('IND', 'New Delhi', 'India'),
('IR', 'Tehran', 'Iran'),
('IRL', 'Dublin', 'Ireland'),
('IRQ', 'Baghdad', 'Iraq'),
('IS', 'Reykjavik', 'Iceland'),
('J', 'Tokyo', 'Japan'),
('JA', 'Kingston', 'Jamaica'),
('JOR', 'Amman', 'Jordan'),
('K', 'Phnom Penh', 'Cambodia'),
('KAZ', 'Almaty', 'Kazakstan'),
('KGZ', 'Bishkek', 'Kyrgyzstan'),
('KIR', 'Tarawa', 'Kiribati'),
('KN', 'Basseterre', 'Saint Kitts and Nevis'),
('KOS', 'Pristina', 'Kosovo'),
('KWT', 'Kuwait', 'Kuwait'),
('L', 'Luxembourg', 'Luxembourg'),
('LAO', 'Vientiane', 'Laos'),
('LAR', 'Tripoli', 'Libya'),
('LB', 'Monrovia', 'Liberia'),
('LS', 'Maseru', 'Lesotho'),
('LT', 'Vilnius', 'Lithuania'),
('LV', 'Riga', 'Latvia'),
('M', 'Valletta', 'Malta'),
('MA', 'Rabat', 'Morocco'),
('MACX', 'Macau', 'Macau'),
('MAL', 'Kuala Lumpur', 'Malaysia'),
('MART', 'Fort-de-France', 'Martinique'),
('MAYO', 'Mamoutzou', 'Mayotte'),
('MC', 'Monaco', 'Monaco'),
('MD', 'Chisinau', 'Moldova'),
('MEX', 'Mexico City', 'Mexico'),
('MH', 'Majuro', 'Marshall Islands'),
('MK', 'Skopje', 'Macedonia'),
('MNE', 'Podgorica', 'Montenegro'),
('MNG', 'Ulaanbaatar', 'Mongolia'),
('MNTS', 'Plymouth', 'Montserrat'),
('MOC', 'Maputo', 'Mozambique'),
('MS', 'Port Louis', 'Mauritius'),
('MV', 'Male', 'Maldives'),
('MW', 'Lilongwe', 'Malawi'),
('MYA', 'Rangoon', 'Myanmar'),
('N', 'Oslo', 'Norway'),
('NA', 'Willemstad', 'Netherlands Antilles'),
('NAM', 'Windhoek', 'Namibia'),
('NAU', 'Yaren', 'Nauru'),
('NCA', 'Noumea', 'New Caledonia'),
('NEP', 'Kathmandu', 'Nepal'),
('NIC', 'Managua', 'Nicaragua'),
('NIUE', 'Alofi', 'Niue'),
('NL', 'Amsterdam', 'Netherlands'),
('NMIS', 'Saipan', 'Northern Mariana Islands'),
('NOK', 'Pyongyang', 'North Korea'),
('NORF', 'Kingston', 'Norfolk Island'),
('NZ', 'Wellington', 'New Zealand'),
('OM', 'Muscat', 'Oman'),
('P', 'Lisbon', 'Portugal'),
('PA', 'Panama City', 'Panama'),
('PAL', 'Melekeok', 'Palau'),
('PE', 'Lima', 'Peru'),
('PITC', 'Adamstown', 'Pitcairn Islands'),
('PK', 'Islamabad', 'Pakistan'),
('PL', 'Warsaw', 'Poland'),
('PNG', 'Port Moresby', 'Papua New Guinea'),
('PR', 'San Juan', 'Puerto Rico'),
('PY', 'Asuncion', 'Paraguay'),
('Q', 'Doha', 'Qatar'),
('R', 'Moscow', 'Russia'),
('RA', 'Buenos Aires', 'Argentina'),
('RB', 'Gaborone', 'Botswana'),
('RC', 'Taipei', 'Taiwan'),
('RCA', 'Bangui', 'Central African Republic'),
('RCB', 'Brazzaville', 'Congo'),
('RCH', 'Santiago', 'Chile'),
('REUN', 'Saint-Denis', 'Reunion'),
('RG', 'Conakry', 'Guinea'),
('RH', 'Port-au-Prince', 'Haiti'),
('RI', 'Jakarta', 'Indonesia'),
('RIM', 'Nouakchott', 'Mauritania'),
('RL', 'Beirut', 'Lebanon'),
('RM', 'Antananarivo', 'Madagascar'),
('RMM', 'Bamako', 'Mali'),
('RN', 'Niamey', 'Niger'),
('RO', 'Bucharest', 'Romania'),
('ROK', 'Seoul', 'South Korea'),
('ROU', 'Montevideo', 'Uruguay'),
('RP', 'Manila', 'Philippines'),
('RSA', 'Pretoria', 'South Africa'),
('RSM', 'San Marino', 'San Marino'),
('RT', 'Lome', 'Togo'),
('RWA', 'Kigali', 'Rwanda'),
('S', 'Stockholm', 'Sweden'),
('SA', 'Riyadh', 'Saudi Arabia'),
('SD', 'Mbabane', 'Swaziland'),
('SF', 'Helsinki', 'Finland'),
('SGP', 'Singapore', 'Singapore'),
('SK', 'Bratislava', 'Slovakia'),
('SLB', 'Honiara', 'Solomon Islands'),
('SLO', 'Ljubljana', 'Slovenia'),
('SMAR', 'Marigot', 'Saint Martin'),
('SME', 'Paramaribo', 'Suriname'),
('SN', 'Dakar', 'Senegal'),
('SP', 'Mogadishu', 'Somalia'),
('SPMI', 'Saint-Pierre', 'Saint Pierre and Miquelon'),
('SRB', 'Belgrade', 'Serbia'),
('STP', 'Sao Tome', 'Sao Tome and Principe'),
('SUD', 'Khartoum', 'Sudan'),
('SVAX', 'Longyearbyen', 'Svalbard'),
('SY', 'Victoria', 'Seychelles'),
('SYR', 'Damascus', 'Syria'),
('TAD', 'Dushanbe', 'Tajikistan'),
('TCH', 'NDjamena', 'Chad'),
('THA', 'Bangkok', 'Thailand'),
('TJ', 'Beijing', 'China'),
('TL', 'Dili', 'Timor-Leste'),
('TM', 'Ashgabat', 'Turkmenistan'),
('TN', 'Tunis', 'Tunisia'),
('TO', 'Nukualofa', 'Tonga'),
('TR', 'Ankara', 'Turkey'),
('TT', 'Port-of-Spain', 'Trinidad and Tobago'),
('TUCA', 'Grand Turk', 'Turks and Caicos Islands'),
('TUV', 'Funafuti', 'Tuvalu'),
('UA', 'Kiev', 'Ukraine'),
('UAE', 'Abu Dhabi', 'United Arab Emirates'),
('USA', 'Washington', 'United States'),
('UZB', 'Tashkent', 'Uzbekistan'),
('V', 'Vatican City', 'Holy See'),
('VIRG', 'Charlotte Amalie', 'Virgin Islands'),
('VN', 'Hanoi', 'Vietnam'),
('VU', 'Port-Vila', 'Vanuatu'),
('WAFU', 'Mata-Utu', 'Wallis and Futuna'),
('WAG', 'Banjul', 'Gambia'),
('WAL', 'Freetown', 'Sierra Leone'),
('WAN', 'Abuja', 'Nigeria'),
('WD', 'Roseau', 'Dominica'),
('WEST', NULL, 'West Bank'),
('WG', 'Saint Georges', 'Grenada'),
('WL', 'Castries', 'Saint Lucia'),
('WS', 'Apia', 'Samoa'),
('WSA', 'El Aaiun', 'Western Sahara'),
('WV', 'Kingstown', 'Saint Vincent and the Grenadines'),
('XMAS', 'Flying Fish Cove', 'Christmas Island'),
('YE', 'Sanaa', 'Yemen'),
('YV', 'Caracas', 'Venezuela'),
('Z', 'Lusaka', 'Zambia'),
('ZRE', 'Kinshasa', 'Zaire'),
('ZW', 'Harare', 'Zimbabwe');

-- --------------------------------------------------------

--
-- Structure de la table `responsable_domaine`
--

CREATE TABLE `responsable_domaine` (
  `cin` varchar(255) DEFAULT NULL,
  `domaine` varchar(255) DEFAULT NULL,
  `id` bigint(20) NOT NULL
) ENGINE=InnoDB DEFAULT CHARSET=latin1;

--
-- Déchargement des données de la table `responsable_domaine`
--

INSERT INTO `responsable_domaine` (`cin`, `domaine`, `id`) VALUES
('JH333456', 'Computer_Science', 4),
('AB337882', 'Commerce', 7),
('JL45636', 'Industry', 10),
('BG156369', 'Finance', 13);

-- --------------------------------------------------------

--
-- Structure de la table `responsable_stages`
--

CREATE TABLE `responsable_stages` (
  `cin` varchar(255) DEFAULT NULL,
  `id` bigint(20) NOT NULL
) ENGINE=InnoDB DEFAULT CHARSET=latin1;

--
-- Déchargement des données de la table `responsable_stages`
--

INSERT INTO `responsable_stages` (`cin`, `id`) VALUES
('BH123456', 1);

-- --------------------------------------------------------

--
-- Structure de la table `role`
--

CREATE TABLE `role` (
  `id` bigint(20) NOT NULL,
  `nom` varchar(255) DEFAULT NULL
) ENGINE=InnoDB DEFAULT CHARSET=latin1;

--
-- Déchargement des données de la table `role`
--

INSERT INTO `role` (`id`, `nom`) VALUES
(2, 'Role_ResponsableStage'),
(3, 'Role_Utilisateur'),
(5, 'Role_ResponsableDomaine'),
(6, 'Role_Utilisateur'),
(8, 'Role_ResponsableDomaine'),
(9, 'Role_Utilisateur'),
(11, 'Role_ResponsableDomaine'),
(12, 'Role_Utilisateur'),
(14, 'Role_ResponsableDomaine'),
(15, 'Role_Utilisateur');

-- --------------------------------------------------------

--
-- Structure de la table `stagiaire`
--

CREATE TABLE `stagiaire` (
  `id` bigint(20) NOT NULL
) ENGINE=InnoDB DEFAULT CHARSET=latin1;

-- --------------------------------------------------------

--
-- Structure de la table `users_roles`
--

CREATE TABLE `users_roles` (
  `user_id` bigint(20) NOT NULL,
  `role_id` bigint(20) NOT NULL
) ENGINE=InnoDB DEFAULT CHARSET=latin1;

--
-- Déchargement des données de la table `users_roles`
--

INSERT INTO `users_roles` (`user_id`, `role_id`) VALUES
(1, 2),
(1, 3),
(4, 5),
(4, 6),
(7, 8),
(7, 9),
(10, 11),
(10, 12),
(13, 14),
(13, 15);

-- --------------------------------------------------------

--
-- Structure de la table `utilisateur`
--

CREATE TABLE `utilisateur` (
  `role_utilisateur` varchar(31) NOT NULL,
  `id` bigint(20) NOT NULL,
  `date_inscription` date DEFAULT NULL,
  `email` varchar(255) DEFAULT NULL,
  `login` varchar(255) DEFAULT NULL,
  `nom` varchar(255) DEFAULT NULL,
  `password` varchar(255) DEFAULT NULL,
  `prenom` varchar(255) DEFAULT NULL
) ENGINE=InnoDB DEFAULT CHARSET=latin1;

--
-- Déchargement des données de la table `utilisateur`
--

INSERT INTO `utilisateur` (`role_utilisateur`, `id`, `date_inscription`, `email`, `login`, `nom`, `password`, `prenom`) VALUES
('Role_ResponsableStage', 1, '2020-08-03', 'ChoukriAnwar@gmail.com', 'Choukri75', 'Choukri', '$2a$10$f9A/WLem0UWup20Izl7Boe/vxWWsuAYJ0q4iPBfk8Ndb3lf4hmgCC', 'Anwar'),
('Role_ResponsableDomaine', 4, '2020-08-03', 'SkalliNoura@gmail.com', 'Skalli90', 'Skalli', '$2a$10$He19RZoGHCRTstNVK.azX.2QmgOWVeDc81ouBQLI6GD4tW02p9JMi', 'Noura'),
('Role_ResponsableDomaine', 7, '2020-08-03', 'MarnissiAlaa@gmail.com', 'Alaa91', 'Marnissi', '$2a$10$1H4ydPzJq9fHxAWs5F4g7eJwi2mXDA5avYA8yt5CzgJGQKgFtcVBu', 'Alaa'),
('Role_ResponsableDomaine', 10, '2020-08-03', 'AhmedLamiae@gmail.com', 'LamiaeAhmed91', 'Ahmed', '$2a$10$.zX0tIjBeAGsmYMAx7YgheyAjcsaQ.IZQlosh7b5PKr5wAlT.dMI6', 'Lamiae'),
('Role_ResponsableDomaine', 13, '2020-08-03', 'MaknassiHamid@gmail.com', 'Hamid91', 'Maknassi', '$2a$10$haAf80L4pI8LCz0vSinMYe11TwBXeFpgkxvzcys8oN.ct/Yu8juyK', 'Hamid');

-- --------------------------------------------------------

--
-- Structure de la table `ville`
--

CREATE TABLE `ville` (
  `id` bigint(20) NOT NULL,
  `nom` varchar(255) DEFAULT NULL,
  `pays` varchar(255) DEFAULT NULL,
  `province` varchar(255) DEFAULT NULL
) ENGINE=InnoDB DEFAULT CHARSET=latin1;

--
-- Déchargement des données de la table `ville`
--

INSERT INTO `ville` (`id`, `nom`, `pays`, `province`) VALUES
(1, 'Aachen', 'D', 'Nordrhein Westfalen'),
(2, 'Aalborg', 'DK', 'Denmark'),
(3, 'Aarau', 'CH', 'AG'),
(4, 'Aarhus', 'DK', 'Denmark'),
(5, 'Aarri', 'WAN', 'Nigeria'),
(6, 'Aba', 'WAN', 'Nigeria'),
(7, 'Abaetetuba', 'BR', 'Para'),
(8, 'Abakan', 'R', 'Rep. of Khakassiya'),
(9, 'Abancay', 'PE', 'Apurimac'),
(10, 'Abeokuta', 'WAN', 'Nigeria'),
(11, 'Aberdeen', 'GB', 'Grampian'),
(12, 'Aberystwyth', 'GB', 'Ceredigion'),
(13, 'Abidjan', 'CI', 'Cote dIvoire'),
(14, 'Abilene', 'USA', 'Texas'),
(15, 'Abu Dhabi', 'UAE', 'Abu Dhabi'),
(16, 'Abuja', 'WAN', 'Nigeria'),
(17, 'Acapulco', 'MEX', 'Guerrero'),
(18, 'Acarigua', 'YV', 'Portuguesa'),
(19, 'Accra', 'GH', 'Ghana'),
(20, 'Acheng', 'TJ', 'Heilongjiang'),
(21, 'Achinsk', 'R', 'Krasnoyarskiy kray'),
(22, 'ad Damir', 'SUD', 'ash Shamaliyah'),
(23, 'Adamstown', 'PITC', 'Pitcairn Islands'),
(24, 'Adana', 'TR', 'Adana'),
(25, 'Adapazari', 'TR', 'Kocaeli'),
(26, 'Addis Ababa', 'ETH', 'Ethiopia'),
(27, 'Adelaide', 'AUS', 'South Australia'),
(28, 'Aden', 'YE', 'Yemen'),
(29, 'Adiyaman', 'TR', 'Adiyaman'),
(30, 'Ado Ekiti', 'WAN', 'Nigeria'),
(31, 'Afyon', 'TR', 'Afyon'),
(32, 'Agadir', 'MA', 'Morocco'),
(33, 'Agana', 'GUAM', 'Guam'),
(34, 'Agartala', 'IND', 'Tripura'),
(35, 'Agra', 'IND', 'Uttar Pradesh'),
(36, 'Agri', 'TR', 'Agri'),
(37, 'Aguascalientes', 'MEX', 'Aguascalientes'),
(38, 'Ahmadabad', 'IND', 'Gujarat'),
(39, 'Ahvaz', 'IR', 'Khuzestan'),
(40, 'Aijal', 'IND', 'Mizoram'),
(41, 'Aix en Provence', 'F', 'Provence Cote dAzur'),
(42, 'Ajaccio', 'F', 'Corse'),
(43, 'Ajmer', 'IND', 'Rajasthan'),
(44, 'Akita', 'J', 'Akita'),
(45, 'Akron', 'USA', 'Ohio'),
(46, 'Aksaray', 'TR', 'Aksaray'),
(47, 'Aksu', 'TJ', 'Xinjiang Uygur'),
(48, 'Akure', 'WAN', 'Nigeria'),
(49, 'Akureyri', 'IS', 'Iceland'),
(50, 'Akyab', 'MYA', 'Rakhine'),
(51, 'Al Amarah', 'IRQ', 'Maysan'),
(52, 'Al Ayn', 'UAE', 'Abu Dhabi'),
(53, 'Al Basrah', 'IRQ', 'Al Basrah'),
(54, 'al Fasher', 'SUD', 'Darfur'),
(55, 'Al Hillah', 'IRQ', 'Babil'),
(56, 'Al Kut', 'IRQ', 'Wasit'),
(57, 'al Qadarif', 'SUD', 'ash Sharqiyah'),
(58, 'al Ubayyid', 'SUD', 'Kurdufan'),
(59, 'Alagoinhas', 'BR', 'Bahia'),
(60, 'Alajuela', 'CR', 'Alajuela'),
(61, 'Alba Iulia', 'RO', 'Alba'),
(62, 'Albacete', 'E', 'Castile La Mancha'),
(63, 'Albany', 'AUS', 'Western Australia'),
(64, 'Albany', 'USA', 'New York'),
(65, 'Albuquerque', 'USA', 'New Mexico'),
(66, 'Alcala de Henares', 'E', 'Madrid'),
(67, 'Alcorcon', 'E', 'Madrid'),
(68, 'Aleppo', 'SYR', 'Syria'),
(69, 'Alexandria', 'ET', 'El Iskandariya'),
(70, 'Alexandria', 'RO', 'Teleorman'),
(71, 'Alexandria', 'USA', 'Virginia'),
(72, 'Algeciras', 'E', 'Andalusia'),
(73, 'Algier', 'DZ', 'Algeria'),
(74, 'Alicante', 'E', 'Valencia'),
(75, 'Aligarh', 'IND', 'Uttar Pradesh'),
(76, 'Allahabad', 'IND', 'Uttar Pradesh'),
(77, 'Allentown', 'USA', 'Pennsylvania'),
(78, 'Almada', 'P', 'Lisbon'),
(79, 'Almaty', 'KAZ', 'Almaty (munic.)'),
(80, 'Almeria', 'E', 'Andalusia'),
(81, 'Almetyevsk', 'R', 'Rep. of Tatarstan'),
(82, 'Alofi', 'NIUE', 'Niue'),
(83, 'Alor Setar', 'MAL', 'Kedah'),
(84, 'Altdorf', 'CH', 'UR'),
(85, 'Alvorada', 'BR', 'Rio Grande do Sul'),
(86, 'Amadora', 'P', 'Lisbon'),
(87, 'Amarillo', 'USA', 'Texas'),
(88, 'Amasya', 'TR', 'Amasya'),
(89, 'Ambon', 'RI', 'Indonesia'),
(90, 'Americana', 'BR', 'Sao Paulo'),
(91, 'Amiens', 'F', 'Picardie'),
(92, 'Amman', 'JOR', 'Jordan'),
(93, 'Amol', 'IR', 'Mazandaran'),
(94, 'Amravati', 'IND', 'Maharashtra'),
(95, 'Amritsar', 'IND', 'Punjab'),
(96, 'Amsterdam', 'NL', 'Noord Holland'),
(97, 'An Najaf', 'IRQ', 'An Najaf'),
(98, 'An Nasiriyah', 'IRQ', 'Dhi Qar'),
(99, 'Anadyr', 'R', 'Chukotsky ao'),
(100, 'Anaheim', 'USA', 'California'),
(101, 'Ananindeua', 'BR', 'Para'),
(102, 'Anapolis', 'BR', 'Goias'),
(103, 'Anchorage', 'USA', 'Alaska'),
(104, 'Ancona', 'I', 'Marche'),
(105, 'Anda', 'TJ', 'Heilongjiang'),
(106, 'Andijon', 'UZB', 'Andijon'),
(107, 'Andorra la Vella', 'AND', 'Andorra'),
(108, 'Angarsk', 'R', 'Irkutskaya oblast'),
(109, 'Angers', 'F', 'Pays de la Loire'),
(110, 'Angren', 'UZB', 'Toshkent'),
(111, 'Anju', 'NOK', 'North Korea'),
(112, 'Ankang', 'TJ', 'Shaanxi'),
(113, 'Ankara', 'TR', 'Ankara'),
(114, 'Ann Arbor', 'USA', 'Michigan'),
(115, 'Annaba', 'DZ', 'Algeria'),
(116, 'Annapolis', 'USA', 'Maryland'),
(117, 'Anqing', 'TJ', 'Anhui'),
(118, 'Anshan', 'TJ', 'Liaoning'),
(119, 'Anshun', 'TJ', 'Guizhou'),
(120, 'Antakya', 'TR', 'Hatay'),
(121, 'Antalya', 'TR', 'Antalya'),
(122, 'Antananarivo', 'RM', 'Antananarivo'),
(123, 'Antsirabe', 'RM', 'Antananarivo'),
(124, 'Antsiranana', 'RM', 'Antsiranana'),
(125, 'Antwerp', 'B', 'Antwerp'),
(126, 'Anyang', 'TJ', 'Henan'),
(127, 'Anzhero Sudzhensk', 'R', 'Kemerovskaya oblast'),
(128, 'Aomori', 'J', 'Aomori'),
(129, 'Aosta', 'I', 'Valle dAosta'),
(130, 'Aparecida de Goiania', 'BR', 'Sao Paulo'),
(131, 'Apia', 'WS', 'Samoa'),
(132, 'Apopa', 'ES', 'El Salvador'),
(133, 'Appenzell', 'CH', 'AI'),
(134, 'Apucarana', 'BR', 'Parana'),
(135, 'Aqmola', 'KAZ', 'Aqmola'),
(136, 'Aqtau', 'KAZ', 'Mangghystau'),
(137, 'Aqtobe', 'KAZ', 'Aqtobe'),
(138, 'Ar Ramadi', 'IRQ', 'Al Anbar'),
(139, 'Aracaju', 'BR', 'Sergipe'),
(140, 'Aracatuba', 'BR', 'Sao Paulo'),
(141, 'Arad', 'RO', 'Arad'),
(142, 'Araguaina', 'BR', 'Goias'),
(143, 'Arak', 'IR', 'Markazi'),
(144, 'Arapiraca', 'BR', 'Sergipe'),
(145, 'Araraquara', 'BR', 'Sao Paulo'),
(146, 'Arauca', 'CO', 'Arauca'),
(147, 'Arbil', 'IRQ', 'Arbil'),
(148, 'Ardabil', 'IR', 'Azarbayian e Sharqi'),
(149, 'Arendal', 'N', 'Aust Agder'),
(150, 'Arequipa', 'PE', 'Arequipa'),
(151, 'Arkhangelsk', 'R', 'Arkhangelskaya oblast'),
(152, 'Arlington', 'USA', 'Texas'),
(153, 'Arlington', 'USA', 'Virginia'),
(154, 'Arlon', 'B', 'Luxembourg'),
(155, 'Armavir', 'R', 'Krasnodarsky kray'),
(156, 'Armenia', 'CO', 'Quindio'),
(157, 'Arnhem', 'NL', 'Gelderland'),
(158, 'Arqalyq', 'KAZ', 'Torghay'),
(159, 'Artvin', 'TR', 'Artvin'),
(160, 'Arusha', 'EAT', 'Arusha'),
(161, 'Arzamas', 'R', 'Nizhegorodskaya oblast'),
(162, 'As Samawah', 'IRQ', 'Al Muthanna'),
(163, 'As Sulaymaniyah', 'IRQ', 'As Sulaymaniyah'),
(164, 'Ashgabat', 'TM', 'Ahal'),
(165, 'Asmara', 'ER', 'Eritrea'),
(166, 'Assen', 'NL', 'Drenthe'),
(167, 'Astrakhan', 'R', 'Astrakhanskaya oblast'),
(168, 'Asuncion', 'PY', 'Paraguay'),
(169, 'Aswan', 'ET', 'Aswan'),
(170, 'Asyut', 'ET', 'Asyut'),
(171, 'Athens', 'GR', 'Attiki'),
(172, 'Atizapan de Zaragoza', 'MEX', 'Mexico, Estado de'),
(173, 'Atlanta', 'USA', 'Georgia'),
(174, 'Atyrau', 'KAZ', 'Atyrau'),
(175, 'Auckland', 'NZ', 'New Zealand'),
(176, 'Augsburg', 'D', 'Bayern'),
(177, 'Augusta', 'USA', 'Maine'),
(178, 'Aurangabad', 'IND', 'Maharashtra'),
(179, 'Aurora', 'USA', 'Colorado'),
(180, 'Aurora', 'USA', 'Illinois'),
(181, 'Austin', 'USA', 'Texas'),
(182, 'Avarua', 'COOK', 'Cook Islands'),
(183, 'Aveiro', 'P', 'Aveiro'),
(184, 'Avellaneda', 'RA', 'Buenos Aires'),
(185, 'Ayacucho', 'PE', 'Ayacucho'),
(186, 'Aydin', 'TR', 'Aydin'),
(187, 'Aylesbury', 'GB', 'Buckinghamshire'),
(188, 'Babol', 'IR', 'Mazandaran'),
(189, 'Bacau', 'RO', 'Bacau'),
(190, 'Badajoz', 'E', 'Estremadura'),
(191, 'Badalona', 'E', 'Catalonia'),
(192, 'Bafoussam', 'CAM', 'Ouest'),
(193, 'Bage', 'BR', 'Rio Grande do Sul'),
(194, 'Baghdad', 'IRQ', 'Baghdad'),
(195, 'Bago', 'MYA', 'Bago'),
(196, 'Bahawalpur', 'PK', 'Pakistan'),
(197, 'Bahia Blanca', 'RA', 'Buenos Aires'),
(198, 'Bahir Dar', 'ETH', 'Ethiopia'),
(199, 'Baia Mare', 'RO', 'Maramures'),
(200, 'Baicheng', 'TJ', 'Jilin'),
(201, 'Baiyin', 'TJ', 'Gansu'),
(202, 'Bakersfield', 'USA', 'California'),
(203, 'Bakhtaran', 'IR', 'Bakhtaran'),
(204, 'Baku', 'AZ', 'Azerbaijan'),
(205, 'Balakovo', 'R', 'Saratovskaya oblast'),
(206, 'Balashikha', 'R', 'Moskovskaya oblast'),
(207, 'Balikesir', 'TR', 'Balikesir'),
(208, 'Balikpapan', 'RI', 'Indonesia'),
(209, 'Baltimore', 'USA', 'Maryland'),
(210, 'Bamako', 'RMM', 'Mali'),
(211, 'Bamenda', 'CAM', 'Nordoueste'),
(212, 'Banda Aceh', 'RI', 'Indonesia'),
(213, 'Bandar Abbas', 'IR', 'Hormozgan'),
(214, 'Bandar e Bushehr', 'IR', 'Bushehr'),
(215, 'Bandar Lampung', 'RI', 'Indonesia'),
(216, 'Bandar Seri Begawan', 'BRU', 'Brunei'),
(217, 'Bandundu', 'ZRE', 'Bandundu'),
(218, 'Bandung', 'RI', 'Indonesia'),
(219, 'Bangalore', 'IND', 'Karnataka'),
(220, 'Bangkok', 'THA', 'Thailand'),
(221, 'Bangui', 'RCA', 'Central African Republic'),
(222, 'Banjarmasin', 'RI', 'Indonesia'),
(223, 'Banjul', 'WAG', 'Gambia'),
(224, 'Baoding', 'TJ', 'Hebei'),
(225, 'Baoji', 'TJ', 'Shaanxi'),
(226, 'Baotou', 'TJ', 'Nei Monggol'),
(227, 'Baqubah', 'IRQ', 'Diyala'),
(228, 'Baracaldo', 'E', 'Basque Country'),
(229, 'Barbacena', 'BR', 'Minas Gerais'),
(230, 'Barcelona', 'E', 'Catalonia'),
(231, 'Barcelona', 'YV', 'Anzoategui'),
(232, 'Bareilly', 'IND', 'Uttar Pradesh'),
(233, 'Bari', 'I', 'Puglia'),
(234, 'Barinas', 'YV', 'Barinas'),
(235, 'Barisal', 'BD', 'Bangladesh'),
(236, 'Barnaul', 'R', 'Altayskiy kray'),
(237, 'Barnsley', 'GB', 'South Yorkshire'),
(238, 'Barquisimeto', 'YV', 'Lara'),
(239, 'Barra Mansa', 'BR', 'Rio de Janeiro'),
(240, 'Barrancabermeja', 'CO', 'Santander del Sur'),
(241, 'Barranquilla', 'CO', 'Atlantico'),
(242, 'Barreiras', 'BR', 'Bahia'),
(243, 'Barreiro', 'P', 'Lisbon'),
(244, 'Barretos', 'BR', 'Sao Paulo'),
(245, 'Barry', 'GB', 'Vale of Glamorgan'),
(246, 'Barueri', 'BR', 'Sao Paulo'),
(247, 'Baruta', 'YV', 'Miranda'),
(248, 'Basel', 'CH', 'BS'),
(249, 'Basildon', 'GB', 'Essex'),
(250, 'Basingstoke', 'GB', 'Hampshire'),
(251, 'Basse-Terre', 'GUAD', 'Guadeloupe'),
(252, 'Basseterre', 'KN', 'Saint Kitts and Nevis'),
(253, 'Batam', 'RI', 'Indonesia'),
(254, 'Batman', 'TR', 'Batman'),
(255, 'Batna', 'DZ', 'Algeria'),
(256, 'Baton Rouge', 'USA', 'Louisiana'),
(257, 'Bauru', 'BR', 'Sao Paulo'),
(258, 'Bayamo', 'C', 'Granma'),
(259, 'Bayburt', 'TR', 'Bayburt'),
(260, 'Beaumont', 'USA', 'Texas'),
(261, 'Bechar', 'DZ', 'Algeria'),
(262, 'Bedford', 'GB', 'Bedfordshire'),
(263, 'Beer Sheva', 'IL', 'South'),
(264, 'Beian', 'TJ', 'Heilongjiang'),
(265, 'Beihai', 'TJ', 'Guangxi Zhuangzu'),
(266, 'Beijing', 'TJ', 'Beijing (munic.)'),
(267, 'Beipiao', 'TJ', 'Liaoning'),
(268, 'Beira', 'MOC', 'Sofala'),
(269, 'Beirut', 'RL', 'Lebanon'),
(270, 'Beja', 'P', 'Beja'),
(271, 'Bejaia', 'DZ', 'Algeria'),
(272, 'Bekescaba', 'H', 'Bekes'),
(273, 'Belem', 'BR', 'Para'),
(274, 'Belfast', 'GB', 'Northern Ireland'),
(275, 'Belfort Roxo', 'BR', 'Rio de Janeiro'),
(276, 'Belgorod', 'R', 'Belgorodskaya oblast'),
(277, 'Belgrade', 'SRB', 'Serbia'),
(278, 'Bellinzona', 'CH', 'TI'),
(279, 'Bello', 'CO', 'Antioquia'),
(280, 'Belmopan', 'BZ', 'Belize'),
(281, 'Belo Horizonte', 'BR', 'Minas Gerais'),
(282, 'Bengasi', 'LAR', 'Libya'),
(283, 'Bengbu', 'TJ', 'Anhui'),
(284, 'Bengkulu', 'RI', 'Indonesia'),
(285, 'Benguela', 'ANG', 'Benguela'),
(286, 'Benha', 'ET', 'El Qalubiya'),
(287, 'Beni Mellal', 'MA', 'Morocco'),
(288, 'Beni Suef', 'ET', 'Beni Suef'),
(289, 'Benin City', 'WAN', 'Nigeria'),
(290, 'Benoni', 'RSA', 'Gauteng'),
(291, 'Benxi', 'TJ', 'Liaoning'),
(292, 'Berezniki', 'R', 'Permskaya oblast'),
(293, 'Bergamo', 'I', 'Lombardia'),
(294, 'Bergen', 'N', 'Hordaland'),
(295, 'Bergisch Gladbach', 'D', 'Nordrhein Westfalen'),
(296, 'Berkeley', 'USA', 'California'),
(297, 'Berlin', 'D', 'Berlin'),
(298, 'Bern', 'CH', 'BE'),
(299, 'Bertoua', 'CAM', 'Est'),
(300, 'Besancon', 'F', 'Franche Comte'),
(301, 'Betim', 'BR', 'Minas Gerais'),
(302, 'Beverley', 'GB', 'Humberside'),
(303, 'Bhatpara', 'IND', 'Madhya Pradesh'),
(304, 'Bhavnagar', 'IND', 'Gujarat'),
(305, 'Bhilai', 'IND', 'Madhya Pradesh'),
(306, 'Bhiwandi', 'IND', 'Maharashtra'),
(307, 'Bhopal', 'IND', 'Madhya Pradesh'),
(308, 'Bhubaneswar', 'IND', 'Orissa'),
(309, 'Biala Podlaska', 'PL', 'Bialskopodlaskie'),
(310, 'Bialystok', 'PL', 'Bialostockie'),
(311, 'Bida', 'WAN', 'Nigeria'),
(312, 'Bie', 'ANG', 'Bie'),
(313, 'Biel', 'CH', 'BE'),
(314, 'Bielefeld', 'D', 'Nordrhein Westfalen'),
(315, 'Bielsko Biala', 'PL', 'Bielskie'),
(316, 'Bikaner', 'IND', 'Rajasthan'),
(317, 'Bilbao', 'E', 'Basque Country'),
(318, 'Bilecik', 'TR', 'Bilecik'),
(319, 'Bingol', 'TR', 'Bingol'),
(320, 'Binjai', 'RI', 'Indonesia'),
(321, 'Birjand', 'IR', 'Khorasan'),
(322, 'Birmingham', 'GB', 'West Midlands'),
(323, 'Birmingham', 'USA', 'Alabama'),
(324, 'Birobidzhan', 'R', 'Yevreyskaya avt. oblast'),
(325, 'Bishkek', 'KGZ', 'Kyrgyzstan'),
(326, 'Bisho', 'RSA', 'Eastern Cape'),
(327, 'Bismarck', 'USA', 'North Dakota'),
(328, 'Bissau', 'GNB', 'Guinea-Bissau'),
(329, 'Bistrita', 'RO', 'Bistrita Nasaud'),
(330, 'Bitlis', 'TR', 'Bitlis'),
(331, 'Biysk', 'R', 'Altayskiy kray'),
(332, 'Blackburn', 'GB', 'Lancashire'),
(333, 'Blackpool', 'GB', 'Lancashire'),
(334, 'Blagoveshchensk', 'R', 'Amurskaya oblast'),
(335, 'Blida', 'DZ', 'Algeria'),
(336, 'Blitar', 'RI', 'Indonesia'),
(337, 'Bloemfontein', 'RSA', 'Free State'),
(338, 'Blumenau', 'BR', 'Santa Catarina'),
(339, 'Boa Vista', 'BR', 'Roraima'),
(340, 'Bocas del Toro', 'PA', 'Bocas del Toro'),
(341, 'Bochum', 'D', 'Nordrhein Westfalen'),
(342, 'Bodoe', 'N', 'Nordland'),
(343, 'Bogor', 'RI', 'Indonesia'),
(344, 'Bogota', 'CO', 'Santa Fe de Bogota, DC'),
(345, 'Bogra', 'BD', 'Bangladesh'),
(346, 'Boise', 'USA', 'Idaho'),
(347, 'Bojnurd', 'IR', 'Khorasan'),
(348, 'Bokara Steel City', 'IND', 'Bihar'),
(349, 'Boksburg', 'RSA', 'Gauteng'),
(350, 'Bologna', 'I', 'Emilia Romagna'),
(351, 'Bolton', 'GB', 'Greater Manchester'),
(352, 'Bolu', 'TR', 'Bolu'),
(353, 'Bolzano', 'I', 'Trentino Alto Adige'),
(354, 'Boma', 'ZRE', 'Bas Zaire'),
(355, 'Bombay', 'IND', 'Maharashtra'),
(356, 'Bonn', 'D', 'Nordrhein Westfalen'),
(357, 'Bordeaux', 'F', 'Aquitaine'),
(358, 'Borujerd', 'IR', 'Lorestan'),
(359, 'Boston', 'USA', 'Massachusetts'),
(360, 'Botosani', 'RO', 'Botosani'),
(361, 'Bottrop', 'D', 'Nordrhein Westfalen'),
(362, 'Botucatu', 'BR', 'Sao Paulo'),
(363, 'Boulogne Billancourt', 'F', 'Ile de France'),
(364, 'Bournemouth', 'GB', 'Dorset'),
(365, 'Bracknell', 'GB', 'Berkshire'),
(366, 'Bradford', 'GB', 'West Yorkshire'),
(367, 'Braga', 'P', 'Braga'),
(368, 'Braganca', 'P', 'Braganca'),
(369, 'Braganca Paulista', 'BR', 'Sao Paulo'),
(370, 'Brahmanbaria', 'BD', 'Bangladesh'),
(371, 'Braila', 'RO', 'Braila'),
(372, 'Braintree', 'GB', 'Essex'),
(373, 'Brampton', 'CDN', 'Ontario'),
(374, 'Brasilia', 'BR', 'Distrito Federal'),
(375, 'Brasov', 'RO', 'Brasov'),
(376, 'Bratislava', 'SK', 'Slovakia'),
(377, 'Bratsk', 'R', 'Irkutskaya oblast'),
(378, 'Braunschweig', 'D', 'Niedersachsen'),
(379, 'Brazzaville', 'RCB', 'Congo'),
(380, 'Breda', 'NL', 'Noord Brabant'),
(381, 'Bregenz', 'A', 'Vorarlberg'),
(382, 'Bremen', 'D', 'Bremen'),
(383, 'Bremerhaven', 'D', 'Bremen'),
(384, 'Brescia', 'I', 'Lombardia'),
(385, 'Brest', 'F', 'Bretagne'),
(386, 'Bridgend', 'GB', 'Bridgend'),
(387, 'Bridgeport', 'USA', 'Connecticut'),
(388, 'Bridgetown', 'BDS', 'Barbados'),
(389, 'Brighton', 'GB', 'East Sussex'),
(390, 'Brisbane', 'AUS', 'Queensland'),
(391, 'Bristol', 'GB', 'Avon'),
(392, 'Brno', 'CZ', 'Jihomoravsky'),
(393, 'Brownsville', 'USA', 'Texas'),
(394, 'Brugge', 'B', 'West Flanders'),
(395, 'Brussels', 'B', 'Brabant'),
(396, 'Bryansk', 'R', 'Bryanskaya oblast'),
(397, 'Bucaramanga', 'CO', 'Santander del Sur'),
(398, 'Bucharest', 'RO', 'Bucuresti'),
(399, 'Budapest', 'H', 'Budapest (munic.)'),
(400, 'Buea', 'CAM', 'Sudoueste'),
(401, 'Buenaventura', 'CO', 'Valle de Cauca'),
(402, 'Buenos Aires', 'RA', 'Distrito Federal'),
(403, 'Buffalo', 'USA', 'New York'),
(404, 'Bujumbura', 'BI', 'Burundi'),
(405, 'Bukavu', 'ZRE', 'Kivu'),
(406, 'Bukhoro', 'UZB', 'Bukhoro'),
(407, 'Bukoba', 'EAT', 'Kagera'),
(408, 'Bur Said', 'ET', 'Bur Said (munic.)'),
(409, 'Burdur', 'TR', 'Burdur'),
(410, 'Burgos', 'E', 'Castile and Leon'),
(411, 'Burlington', 'CDN', 'Ontario'),
(412, 'Burnaby', 'CDN', 'British Columbia'),
(413, 'Bursa', 'TR', 'Bursa'),
(414, 'Bury', 'GB', 'Greater Manchester'),
(415, 'Bushehr', 'IR', 'Bushehr'),
(416, 'Butembo', 'ZRE', 'Kivu'),
(417, 'Buzau', 'RO', 'Buzau'),
(418, 'Bydgoszcz', 'PL', 'Bydgoskie'),
(419, 'Bytom', 'PL', 'Katowickie'),
(420, 'Cabimas', 'YV', 'Zulia'),
(421, 'Cabinda', 'ANG', 'Cabinda'),
(422, 'Cabo de Santo Agostinho', 'BR', 'Pernambuco'),
(423, 'Cabo Frio', 'BR', 'Rio de Janeiro'),
(424, 'Cachoeiro de Itapemirim', 'BR', 'Espirito Santo'),
(425, 'Cadiz', 'E', 'Andalusia'),
(426, 'Caen', 'F', 'Basse Normandie'),
(427, 'Caernarfon', 'GB', 'Gwynedd'),
(428, 'Cagayan de Oro', 'RP', 'Philippines'),
(429, 'Cagliari', 'I', 'Sardegna'),
(430, 'Cairo', 'ET', 'El Qahira'),
(431, 'Cajamarca', 'PE', 'Cajamarca'),
(432, 'Calabar', 'WAN', 'Nigeria'),
(433, 'Calarasi', 'RO', 'Calarasi'),
(434, 'Calcutta', 'IND', 'West Bengal'),
(435, 'Calgary', 'CDN', 'Alberta'),
(436, 'Cali', 'CO', 'Valle de Cauca'),
(437, 'Callao', 'PE', 'Callao'),
(438, 'Cam Pha', 'VN', 'Vietnam'),
(439, 'Camacari', 'BR', 'Bahia'),
(440, 'Camaguey', 'C', 'Camaguey'),
(441, 'Camaragibe', 'BR', 'Pernambuco'),
(442, 'Cambridge', 'GB', 'Cambridgeshire'),
(443, 'Campeche', 'MEX', 'Campeche'),
(444, 'Campina Grande', 'BR', 'Paraiba'),
(445, 'Campinas', 'BR', 'Sao Paulo'),
(446, 'Campo Grande', 'BR', 'Mato Grosso do Sul'),
(447, 'Campobasso', 'I', 'Molise'),
(448, 'Campos dos Goytacazes', 'BR', 'Rio de Janeiro'),
(449, 'Can Tho', 'VN', 'Vietnam'),
(450, 'Canakkale', 'TR', 'Canakkale'),
(451, 'Canberra', 'AUS', 'Australia Capital Territory'),
(452, 'Cancun', 'MEX', 'Quintana Roo'),
(453, 'Cangzhou', 'TJ', 'Hubei'),
(454, 'Cankiri', 'TR', 'Cankiri'),
(455, 'Canoas', 'BR', 'Rio Grande do Sul'),
(456, 'Canterbury', 'GB', 'Kent'),
(457, 'Cape Coast', 'GH', 'Ghana'),
(458, 'Cape Town', 'RSA', 'Western Cape'),
(459, 'Caracas', 'YV', 'Distrito Federal'),
(460, 'Carapicuiba', 'BR', 'Sao Paulo'),
(461, 'Cardiff', 'GB', 'Cardiff'),
(462, 'Cariacica', 'BR', 'Espirito Santo'),
(463, 'Carletonville', 'RSA', 'Gauteng'),
(464, 'Carlisle', 'GB', 'Cumbria'),
(465, 'Carmarthen', 'GB', 'Carmarthenshire'),
(466, 'Carson City', 'USA', 'Nevada'),
(467, 'Cartagena', 'CO', 'Bolivar'),
(468, 'Cartagena', 'E', 'Murcia'),
(469, 'Cartago', 'CO', 'Valle de Cauca'),
(470, 'Cartago', 'CR', 'Cartago'),
(471, 'Caruaru', 'BR', 'Pernambuco'),
(472, 'Casablanca', 'MA', 'Morocco'),
(473, 'Cascavel', 'BR', 'Parana'),
(474, 'Castanhal', 'BR', 'Para'),
(475, 'Castellon de la Plana', 'E', 'Valencia'),
(476, 'Castelo Branco', 'P', 'Castelo Branco'),
(477, 'Castries', 'WL', 'Saint Lucia'),
(478, 'Catanduva', 'BR', 'Sao Paulo'),
(479, 'Catania', 'I', 'Sicilia'),
(480, 'Catanzaro', 'I', 'Calabria'),
(481, 'Catia La Mar', 'YV', 'Distrito Federal'),
(482, 'Caucaia', 'BR', 'Ceara'),
(483, 'Caxias', 'BR', 'Maranhao'),
(484, 'Caxias do Sul', 'BR', 'Rio Grande do Sul'),
(485, 'Caxito', 'ANG', 'Bengo'),
(486, 'Cayenne', 'FGU', 'French Guiana'),
(487, 'Cebu', 'RP', 'Philippines'),
(488, 'Cedar Rapids', 'USA', 'Iowa'),
(489, 'Celaya', 'MEX', 'Guanajuato'),
(490, 'Cerro de Pasco', 'PE', 'Pasco'),
(491, 'Ceske Budejovice', 'CZ', 'Jihocesky'),
(492, 'Chachapoyas', 'PE', 'Amazonas'),
(493, 'Chake Cahke', 'EAT', 'Kusini Pemba'),
(494, 'Chalons en Champagne', 'F', 'Champagne Ardenne'),
(495, 'Chandigarh', 'IND', 'Chandigarh'),
(496, 'Chandler', 'USA', 'Arizona'),
(497, 'Changchun', 'TJ', 'Jilin'),
(498, 'Changde', 'TJ', 'Hunan'),
(499, 'Changhua', 'RC', 'Taiwan'),
(500, 'Changsha', 'TJ', 'Hunan'),
(501, 'Changshu', 'TJ', 'Jiangsu'),
(502, 'Changzhi', 'TJ', 'Shanxi'),
(503, 'Changzhou', 'TJ', 'Jiangsu'),
(504, 'Chaoxian', 'TJ', 'Anhui'),
(505, 'Chaoyang', 'TJ', 'Liaoning'),
(506, 'Chaozhou', 'TJ', 'Guangdong'),
(507, 'Chapeco', 'BR', 'Santa Catarina'),
(508, 'Charjew', 'TM', 'Leban'),
(509, 'Charleroi', 'B', 'Hainaut'),
(510, 'Charleston', 'USA', 'West Virginia'),
(511, 'Charlotte', 'USA', 'North Carolina'),
(512, 'Charlotte Amalie', 'VIRG', 'Virgin Islands'),
(513, 'Charlottetown', 'CDN', 'Prince Edward Island'),
(514, 'Chattanooga', 'USA', 'Tennessee'),
(515, 'Cheboksary', 'R', 'Chuvash Republic'),
(516, 'Cheju', 'ROK', 'South Korea'),
(517, 'Chelm', 'PL', 'Chelmskie'),
(518, 'Chelmsford', 'GB', 'Essex'),
(519, 'Cheltenham', 'GB', 'Gloucestershire'),
(520, 'Chelyabinsk', 'R', 'Chelyabinskaya oblast'),
(521, 'Chemnitz', 'D', 'Sachsen'),
(522, 'Chengde', 'TJ', 'Hebei'),
(523, 'Chengdu', 'TJ', 'Sichuan'),
(524, 'Cherepovets', 'R', 'Vologodskaya oblast'),
(525, 'Cherkasy', 'UA', 'Cherkaska'),
(526, 'Cherkessk', 'R', 'Karachayevo Cherkessk Rep.'),
(527, 'Chernihiv', 'UA', 'Chernihivska'),
(528, 'Chernivtsi', 'UA', 'Chernivetska'),
(529, 'Chesapeake', 'USA', 'Virginia'),
(530, 'Chester', 'GB', 'Cheshire'),
(531, 'Chesterfield', 'GB', 'Derbyshire'),
(532, 'Chetumal', 'MEX', 'Quintana Roo'),
(533, 'Cheyenne', 'USA', 'Wyoming'),
(534, 'Chiai', 'RC', 'Taiwan'),
(535, 'Chiang Mai', 'THA', 'Thailand'),
(536, 'Chiba', 'J', 'Chiba'),
(537, 'Chicago', 'USA', 'Illinois'),
(538, 'Chichester', 'GB', 'West Sussex'),
(539, 'Chiclayo', 'PE', 'Lambayeque'),
(540, 'Chifeng', 'TJ', 'Nei Monggol'),
(541, 'Chihuahua', 'MEX', 'Chihuahua'),
(542, 'Chilpancingo', 'MEX', 'Guerrero'),
(543, 'Chilung', 'RC', 'Taiwan'),
(544, 'Chimbote', 'PE', 'Ancash'),
(545, 'Chimoio', 'MOC', 'Manica'),
(546, 'Chinandega', 'NIC', 'Nicaragua'),
(547, 'Chincha Alta', 'PE', 'Ica'),
(548, 'Chingola', 'Z', 'Copperbelt'),
(549, 'Chiniot', 'PK', 'Pakistan'),
(550, 'Chinju', 'ROK', 'South Korea'),
(551, 'Chipata', 'Z', 'Eastern'),
(552, 'Chirchiq', 'UZB', 'Toshkent'),
(553, 'Chisinau', 'MD', 'Moldova'),
(554, 'Chita', 'R', 'Chitinskaya oblast'),
(555, 'Chitre', 'PA', 'Herrera'),
(556, 'Chittagong', 'BD', 'Bangladesh'),
(557, 'Choluteca', 'HCA', 'Choluteca'),
(558, 'Chongjin', 'NOK', 'North Korea'),
(559, 'Chongju', 'ROK', 'South Korea'),
(560, 'Chongqing', 'TJ', 'Sichuan'),
(561, 'Chonju', 'ROK', 'South Korea'),
(562, 'Chorzow', 'PL', 'Katowickie'),
(563, 'Christchurch', 'NZ', 'New Zealand'),
(564, 'Chula Vista', 'USA', 'California'),
(565, 'Chunchon', 'ROK', 'South Korea'),
(566, 'Chungho', 'RC', 'Taiwan'),
(567, 'Chungli', 'RC', 'Taiwan'),
(568, 'Chur', 'CH', 'GR'),
(569, 'Chuxian', 'TJ', 'Anhui'),
(570, 'Ciechanow', 'PL', 'Ciechanowskie'),
(571, 'Ciego de Avila', 'C', 'Ciego de Avila'),
(572, 'Cienaga', 'CO', 'Guajira, La'),
(573, 'Cienfuegos', 'C', 'Cienfuegos'),
(574, 'Cincinnati', 'USA', 'Ohio'),
(575, 'Cirebon', 'RI', 'Indonesia'),
(576, 'Ciudad Apodaca', 'MEX', 'Nuevo Leon'),
(577, 'Ciudad Bolivar', 'YV', 'Bolivar'),
(578, 'Ciudad Guayana', 'YV', 'Bolivar'),
(579, 'Ciudad Juarez', 'MEX', 'Chihuahua'),
(580, 'Ciudad Madero', 'MEX', 'Tamaulipas'),
(581, 'Ciudad Obregon', 'MEX', 'Sonora'),
(582, 'Ciudad Santa Catarina', 'MEX', 'Nuevo Leon'),
(583, 'Ciudad Victoria', 'MEX', 'Tamaulipas'),
(584, 'Cixi', 'TJ', 'Zhejiang'),
(585, 'Clearwater', 'USA', 'Florida'),
(586, 'Clermont Ferrand', 'F', 'Auvergne'),
(587, 'Cleveland', 'USA', 'Ohio'),
(588, 'Cluj Napoca', 'RO', 'Cluj'),
(589, 'Coatzacoalcos', 'MEX', 'Veracruz'),
(590, 'Cochabamba', 'BOL', 'Bolivia'),
(591, 'Cochin', 'IND', 'Kerala'),
(592, 'Codo', 'BR', 'Maranhao'),
(593, 'Coimbatore', 'IND', 'Tamil Nadu'),
(594, 'Coimbra', 'P', 'Coimbra'),
(595, 'Colatina', 'BR', 'Espirito Santo'),
(596, 'Colchester', 'GB', 'Essex'),
(597, 'Colima', 'MEX', 'Colima'),
(598, 'Colombo', 'BR', 'Parana'),
(599, 'Colombo', 'CL', 'Sri Lanka'),
(600, 'Colon', 'PA', 'Colon'),
(601, 'Colorado Springs', 'USA', 'Colorado'),
(602, 'Columbia', 'USA', 'South Carolina'),
(603, 'Columbus', 'USA', 'Georgia'),
(604, 'Columbus', 'USA', 'Ohio'),
(605, 'Colwyn Bay', 'GB', 'Aberconwy and Colwyn'),
(606, 'Comayagua', 'HCA', 'Comayagua'),
(607, 'Comilla', 'BD', 'Bangladesh'),
(608, 'Comodoro Rivadavia', 'RA', 'Chubut'),
(609, 'Conakry', 'RG', 'Guinea'),
(610, 'Concord', 'USA', 'California'),
(611, 'Concord', 'USA', 'New Hampshire'),
(612, 'Concordia', 'RA', 'Entre Rios'),
(613, 'Constanta', 'RO', 'Constanta'),
(614, 'Constantine', 'DZ', 'Algeria'),
(615, 'Contagem', 'BR', 'Minas Gerais'),
(616, 'Copenhagen', 'DK', 'Denmark'),
(617, 'Coral Springs', 'USA', 'Florida'),
(618, 'Cordoba', 'E', 'Andalusia'),
(619, 'Cordoba', 'MEX', 'Veracruz'),
(620, 'Cordoba', 'RA', 'Cordoba'),
(621, 'Coro', 'YV', 'Falcon'),
(622, 'Corona', 'USA', 'California'),
(623, 'Corpus Christi', 'USA', 'Texas'),
(624, 'Corrientes', 'RA', 'Corrientes'),
(625, 'Corum', 'TR', 'Corum'),
(626, 'Cosenza', 'I', 'Calabria'),
(627, 'Costa Mesa', 'USA', 'California'),
(628, 'Cotia', 'BR', 'Sao Paulo'),
(629, 'Cottbus', 'D', 'Brandenburg'),
(630, 'Coventry', 'GB', 'West Midlands'),
(631, 'Craiova', 'RO', 'Dolj'),
(632, 'Crewe', 'GB', 'Cheshire'),
(633, 'Criciuma', 'BR', 'Santa Catarina'),
(634, 'Cuautla', 'MEX', 'Jalisco'),
(635, 'Cucuta', 'CO', 'Norte de Santander'),
(636, 'Cuernavaca', 'MEX', 'Morelos'),
(637, 'Cuiaba', 'BR', 'Mato Grosso'),
(638, 'Culiacan', 'MEX', 'Sinaloa'),
(639, 'Cumana', 'YV', 'Sucre'),
(640, 'Curitiba', 'BR', 'Parana'),
(641, 'Cuttack', 'IND', 'Orissa'),
(642, 'Cuzco', 'PE', 'Cuzco'),
(643, 'Cwmbran', 'GB', 'Monmouthshire'),
(644, 'Czestochowa', 'PL', 'Czestochowskie'),
(645, 'Da Nang', 'VN', 'Vietnam'),
(646, 'Daan', 'TJ', 'Jilin'),
(647, 'Dabrowa Gornicza', 'PL', 'Katowickie'),
(648, 'Dahuk', 'IRQ', 'Dahuk'),
(649, 'Dakar', 'SN', 'Dakar'),
(650, 'Dalian', 'TJ', 'Liaoning'),
(651, 'Dallas', 'USA', 'Texas'),
(652, 'Daman', 'IND', 'Daman and Diu'),
(653, 'Damanhur', 'ET', 'El Buhayra'),
(654, 'Damascus', 'SYR', 'Syria'),
(655, 'Dandong', 'TJ', 'Liaoning'),
(656, 'Danli', 'HCA', 'El Paraiso'),
(657, 'Danyang', 'TJ', 'Jiangsu'),
(658, 'Daqing', 'TJ', 'Heilongjiang'),
(659, 'Dar es Salaam', 'EAT', 'Daressalam'),
(660, 'Darlington', 'GB', 'Durham'),
(661, 'Darmstadt', 'D', 'Hessen'),
(662, 'Darwin', 'AUS', 'Northern Territory'),
(663, 'Datong', 'TJ', 'Shanxi'),
(664, 'Davao', 'RP', 'Philippines'),
(665, 'David', 'PA', 'Chiriqui'),
(666, 'Daxian', 'TJ', 'Sichuan'),
(667, 'Dayton', 'USA', 'Ohio'),
(668, 'Deba Habe', 'WAN', 'Nigeria'),
(669, 'Debrecen', 'H', 'Debrecen (munic.)'),
(670, 'Debrezit', 'ETH', 'Ethiopia'),
(671, 'Dededo', 'GUAM', 'Guam'),
(672, 'Delemont', 'CH', 'JU'),
(673, 'Delgado', 'ES', 'El Salvador'),
(674, 'Denizli', 'TR', 'Denizli'),
(675, 'Denver', 'USA', 'Colorado'),
(676, 'Dera Ghazi Khan', 'PK', 'Pakistan'),
(677, 'Derby', 'GB', 'Derbyshire'),
(678, 'Des Moines', 'USA', 'Iowa'),
(679, 'Dese', 'ETH', 'Ethiopia'),
(680, 'Detroit', 'USA', 'Michigan'),
(681, 'Deva', 'RO', 'Hunedoara'),
(682, 'Deyang', 'TJ', 'Sichuan'),
(683, 'Dezful', 'IR', 'Khuzestan'),
(684, 'Dezhou', 'TJ', 'Shandong'),
(685, 'Dhaka', 'BD', 'Bangladesh'),
(686, 'Diadema', 'BR', 'Sao Paulo'),
(687, 'Dijon', 'F', 'Bourgogne'),
(688, 'Dili', 'TL', 'Timor-Leste'),
(689, 'Dimitrovgrad', 'R', 'Ulyanovskaya oblast'),
(690, 'Dinajpur', 'BD', 'Bangladesh'),
(691, 'Diourbel', 'SN', 'Diourbel'),
(692, 'Dire Dawa', 'ETH', 'Ethiopia'),
(693, 'Dispur', 'IND', 'Assam'),
(694, 'Divinopolis', 'BR', 'Minas Gerais'),
(695, 'Diwaniyah', 'IRQ', 'Al Qadisiyah'),
(696, 'Diyarbakir', 'TR', 'Diyarbakir'),
(697, 'Djibouti', 'DJI', 'Djibouti'),
(698, 'Dniprodzerzhynsk', 'UA', 'Dnipropetrovska'),
(699, 'Dnipropetrovsk', 'UA', 'Dnipropetrovska'),
(700, 'Dodoma', 'EAT', 'Dodoma'),
(701, 'Doha', 'Q', 'Qatar'),
(702, 'Doncaster', 'GB', 'South Yorkshire'),
(703, 'Donetsk', 'UA', 'Donetska'),
(704, 'Dongguan', 'TJ', 'Guangdong'),
(705, 'Dongtai', 'TJ', 'Jiangsu'),
(706, 'Dongying', 'TJ', 'Shandong'),
(707, 'Donostia', 'E', 'Basque Country'),
(708, 'Dorchester', 'GB', 'Dorset'),
(709, 'Dordrecht', 'NL', 'Zuid Holland'),
(710, 'Dortmund', 'D', 'Nordrhein Westfalen'),
(711, 'Dosquebradas', 'CO', 'Risaralda'),
(712, 'Douala', 'CAM', 'Cote/Littoral'),
(713, 'Douglas', 'GBM', 'Man'),
(714, 'Dourados', 'BR', 'Mato Grosso do Sul'),
(715, 'Dover', 'GB', 'Kent'),
(716, 'Dover', 'USA', 'Delaware'),
(717, 'Drammen', 'N', 'Buskerud'),
(718, 'Dresden', 'D', 'Sachsen'),
(719, 'Drobeta Turnu Severin', 'RO', 'Mehedinti'),
(720, 'Dubai', 'UAE', 'Dubayy'),
(721, 'Dublin', 'IRL', 'Ireland'),
(722, 'Dudley', 'GB', 'West Midlands'),
(723, 'Duisburg', 'D', 'Nordrhein Westfalen'),
(724, 'Dukou', 'TJ', 'Sichuan'),
(725, 'Dumfries', 'GB', 'Dumfries and Galloway'),
(726, 'Dumyat', 'ET', 'Dumyat'),
(727, 'Dundee', 'GB', 'Tayside'),
(728, 'Dunhua', 'TJ', 'Jilin'),
(729, 'Duque de Caxias', 'BR', 'Rio de Janeiro'),
(730, 'Durango', 'MEX', 'Durango'),
(731, 'Durban', 'RSA', 'Kwazulu Natal'),
(732, 'Durgapur', 'IND', 'West Bengal'),
(733, 'Durham', 'GB', 'Durham'),
(734, 'Durham', 'USA', 'North Carolina'),
(735, 'Durres', 'AL', 'Albania'),
(736, 'Dushanbe', 'TAD', 'Dushanbe (munic.)'),
(737, 'Dusseldorf', 'D', 'Nordrhein Westfalen'),
(738, 'Duyun', 'TJ', 'Guizhou'),
(739, 'Dzerzhinsk', 'R', 'Nizhegorodskaya oblast'),
(740, 'Dzhambul', 'KAZ', 'Zhambyl'),
(741, 'East London', 'RSA', 'Eastern Cape'),
(742, 'East York', 'CDN', 'Ontario'),
(743, 'Eastleigh', 'GB', 'Hampshire'),
(744, 'Ebbw Vale', 'GB', 'Blaenau Gwent'),
(745, 'Ebolowa', 'CAM', 'Sud'),
(746, 'Echeng', 'TJ', 'Hubei'),
(747, 'Ede', 'WAN', 'Nigeria'),
(748, 'Edinburgh', 'GB', 'Lothian'),
(749, 'Edirne', 'TR', 'Edirne'),
(750, 'Edmonton', 'CDN', 'Alberta'),
(751, 'Effon Alaiye', 'WAN', 'Nigeria'),
(752, 'Eger', 'H', 'Heves'),
(753, 'Eindhoven', 'NL', 'Noord Brabant'),
(754, 'Eisenstadt', 'A', 'Burgenland'),
(755, 'Ekibastuz', 'KAZ', 'Pavlodar'),
(756, 'El Aaiun', 'WSA', 'Western Sahara'),
(757, 'El Arish', 'ET', 'Sina ash Shamaliyah'),
(758, 'El Faiyum', 'ET', 'El Faiyum'),
(759, 'El Giza', 'ET', 'El Giza'),
(760, 'El Kharga', 'ET', 'El Wadi el Jadid'),
(761, 'El Mahalla el Kubra', 'ET', 'El Gharbiya'),
(762, 'El Mansura', 'ET', 'El Daqahliya'),
(763, 'El Minya', 'ET', 'El Minya'),
(764, 'El Monte', 'USA', 'California'),
(765, 'El Paso', 'USA', 'Texas'),
(766, 'El Porvenir', 'PA', 'Comarca de San Blas'),
(767, 'El Progreso', 'HCA', 'Yoro'),
(768, 'El Suweiz', 'ET', 'El Suweiz'),
(769, 'El Tur', 'ET', 'Sina al Janubiyah'),
(770, 'El Uqsur', 'ET', 'Qena'),
(771, 'Elazig', 'TR', 'Elazig'),
(772, 'Elbasan', 'AL', 'Albania'),
(773, 'Elblag', 'PL', 'Elblaskie'),
(774, 'Eldoret', 'EAK', 'Rift Valley'),
(775, 'Elektrostal', 'R', 'Moskovskaya oblast'),
(776, 'Elista', 'R', 'Rep. of Kalmykiya'),
(777, 'Elizabeth', 'USA', 'New Jersey'),
(778, 'Elmbridge', 'GB', 'Surrey'),
(779, 'Elx', 'E', 'Valencia'),
(780, 'Embu', 'BR', 'Sao Paulo'),
(781, 'Embu', 'EAK', 'Eastern'),
(782, 'Engels', 'R', 'Saratovskaya oblast'),
(783, 'Enschede', 'NL', 'Overijssel'),
(784, 'Ensenada', 'MEX', 'Baja California'),
(785, 'Enugu', 'WAN', 'Nigeria'),
(786, 'Envigado', 'CO', 'Antioquia'),
(787, 'Epping Forest', 'GB', 'Essex'),
(788, 'Erfurt', 'D', 'Thuringen'),
(789, 'Erie', 'USA', 'Pennsylvania'),
(790, 'Erlangen', 'D', 'Bayern'),
(791, 'Ermoupoli', 'GR', 'Notion Aiyaion'),
(792, 'Erzincan', 'TR', 'Erzincan'),
(793, 'Erzurum', 'TR', 'Erzurum'),
(794, 'Esbjerg', 'DK', 'Denmark'),
(795, 'Escondido', 'USA', 'California'),
(796, 'Esfahan', 'IR', 'Esfahan'),
(797, 'Eskisehir', 'TR', 'Eskisehir'),
(798, 'Espoo', 'SF', 'Uusimaa'),
(799, 'Essen', 'D', 'Nordrhein Westfalen'),
(800, 'Etobicoke', 'CDN', 'Ontario'),
(801, 'Eugene', 'USA', 'Oregon'),
(802, 'Evansville', 'USA', 'Indiana'),
(803, 'Evora', 'P', 'Evora'),
(804, 'Exeter', 'GB', 'Devon'),
(805, 'Falun', 'S', 'Dalarna'),
(806, 'Fareham', 'GB', 'Hampshire'),
(807, 'Farghona', 'UZB', 'Farghona'),
(808, 'Faridabad', 'IND', 'Uttar Pradesh'),
(809, 'Faro', 'P', 'Algarve'),
(810, 'Fatick', 'SN', 'Fatick'),
(811, 'Feira de Santana', 'BR', 'Bahia'),
(812, 'Fengcheng', 'TJ', 'Liaoning'),
(813, 'Fengshan', 'RC', 'Taiwan'),
(814, 'Fengyuan', 'RC', 'Taiwan'),
(815, 'Ferrara', 'I', 'Emilia Romagna'),
(816, 'Ferraz de Vasconcelos', 'BR', 'Sao Paulo'),
(817, 'Fes', 'MA', 'Morocco'),
(818, 'Fianarantsoa', 'RM', 'Fianarantsoa'),
(819, 'Firenze', 'I', 'Toscana'),
(820, 'Flint', 'USA', 'Michigan'),
(821, 'Florencia', 'CO', 'Caqueta'),
(822, 'Florianopolis', 'BR', 'Santa Catarina'),
(823, 'Floridablanca', 'CO', 'Santander del Sur'),
(824, 'Flying Fish Cove', 'XMAS', 'Christmas Island'),
(825, 'Focsani', 'RO', 'Vrancea'),
(826, 'Foggia', 'I', 'Puglia'),
(827, 'Fontana', 'USA', 'California'),
(828, 'Forli', 'I', 'Emilia Romagna'),
(829, 'Formosa', 'RA', 'Formosa'),
(830, 'Fort Collins', 'USA', 'Colorado'),
(831, 'Fort Lauderdale', 'USA', 'Florida'),
(832, 'Fort Wayne', 'USA', 'Indiana'),
(833, 'Fort Worth', 'USA', 'Texas'),
(834, 'Fort-de-France', 'MART', 'Martinique'),
(835, 'Fortaleza', 'BR', 'Ceara'),
(836, 'Foshan', 'TJ', 'Guangdong'),
(837, 'Foz do Iguacu', 'BR', 'Parana'),
(838, 'Franca', 'BR', 'Sao Paulo'),
(839, 'Francisco Morato', 'BR', 'Sao Paulo'),
(840, 'Frankfort', 'USA', 'Kentucky'),
(841, 'Frankfurt am Main', 'D', 'Hessen'),
(842, 'Frauenfeld', 'CH', 'TG'),
(843, 'Fredericton', 'CDN', 'New Brunswick'),
(844, 'Freetown', 'WAL', 'Sierra Leone'),
(845, 'Freiburg im Breisgau', 'D', 'Baden Wurttemberg'),
(846, 'Fremont', 'USA', 'California'),
(847, 'Fresno', 'USA', 'California'),
(848, 'Fribourg', 'CH', 'FR'),
(849, 'Fuenlabrada', 'E', 'Madrid'),
(850, 'Fukui', 'J', 'Fukui'),
(851, 'Fukuoka', 'J', 'Fukuoka'),
(852, 'Fukushima', 'J', 'Fukushima'),
(853, 'Fuling', 'TJ', 'Heilongjiang'),
(854, 'Fullerton', 'USA', 'California'),
(855, 'Funafuti', 'TUV', 'Tuvalu'),
(856, 'Funchal', 'P', 'Madeira'),
(857, 'Furth', 'D', 'Bayern'),
(858, 'Fushun', 'TJ', 'Liaoning'),
(859, 'Fuxin', 'TJ', 'Liaoning'),
(860, 'Fuyang', 'TJ', 'Anhui'),
(861, 'Fuyu', 'TJ', 'Jilin'),
(862, 'Fuzhou', 'TJ', 'Fujian'),
(863, 'Fuzhou', 'TJ', 'Jiangxi'),
(864, 'Gaborone', 'RB', 'Botswana'),
(865, 'Galati', 'RO', 'Galati'),
(866, 'Gandhinagar', 'IND', 'Gujarat'),
(867, 'Gangtok', 'IND', 'Sikkim'),
(868, 'Ganzhou', 'TJ', 'Jiangxi'),
(869, 'Garanhuns', 'BR', 'Pernambuco'),
(870, 'Garden Grove', 'USA', 'California'),
(871, 'Garissa', 'EAK', 'North Eastern'),
(872, 'Garland', 'USA', 'Texas'),
(873, 'Garoua', 'CAM', 'Nord'),
(874, 'Gary', 'USA', 'Indiana'),
(875, 'Gateshead', 'GB', 'Tyne and Wear'),
(876, 'Gauhati', 'IND', 'Assam'),
(877, 'Gavle', 'S', 'Gavleborg'),
(878, 'Gaza', 'GAZA', 'Gaza Strip'),
(879, 'Gaziantep', 'TR', 'Gaziantep'),
(880, 'Gazipur', 'BD', 'Bangladesh'),
(881, 'Gdansk', 'PL', 'Gdanskie'),
(882, 'Gdynia', 'PL', 'Gdanskie'),
(883, 'Gebze', 'TR', 'Kocaeli'),
(884, 'Geelong', 'AUS', 'Victoria'),
(885, 'Gejiu', 'TJ', 'Yunnan'),
(886, 'Geleen', 'NL', 'Limburg'),
(887, 'Gelsenkirchen', 'D', 'Nordrhein Westfalen'),
(888, 'General San Martin', 'RA', 'Buenos Aires'),
(889, 'Geneva', 'CH', 'GE'),
(890, 'Genua', 'I', 'Liguria'),
(891, 'George Town', 'CAYM', 'Cayman Islands'),
(892, 'Georgetown', 'GUY', 'Guyana'),
(893, 'Gera', 'D', 'Thuringen'),
(894, 'Getafe', 'E', 'Madrid'),
(895, 'Ghaziabad', 'IND', 'Delhi'),
(896, 'Ghent', 'B', 'East Flanders'),
(897, 'Gibraltar', 'GBZ', 'Gibraltar'),
(898, 'Gifu', 'J', 'Gifu'),
(899, 'Gijon', 'E', 'Asturias'),
(900, 'Giresun', 'TR', 'Giresun'),
(901, 'Giurgiu', 'RO', 'Giurgiu'),
(902, 'Glarus', 'CH', 'GL'),
(903, 'Glasgow', 'GB', 'Strathclyde'),
(904, 'Glazov', 'R', 'Udmurt Republic'),
(905, 'Glendale', 'USA', 'Arizona'),
(906, 'Glendale', 'USA', 'California'),
(907, 'Glenrothes', 'GB', 'Fife'),
(908, 'Gliwice', 'PL', 'Katowickie'),
(909, 'Gloucester', 'CDN', 'Ontario'),
(910, 'Gloucester', 'GB', 'Gloucestershire'),
(911, 'Goiania', 'BR', 'Goias'),
(912, 'Gold Coast', 'AUS', 'Queensland'),
(913, 'Goma', 'ZRE', 'Kivu'),
(914, 'Gomez Palacio', 'MEX', 'Durango'),
(915, 'Gonbad e Kavus', 'IR', 'Mazandaran'),
(916, 'Gonder', 'ETH', 'Ethiopia'),
(917, 'Gongzhuling', 'TJ', 'Jilin'),
(918, 'Gorakhpur', 'IND', 'Uttar Pradesh'),
(919, 'Gorgan', 'IR', 'Mazandaran'),
(920, 'Gorno Altaysk', 'R', 'Rep. of Altay'),
(921, 'Gorontalo', 'RI', 'Indonesia'),
(922, 'Gorzow Wielkopolski', 'PL', 'Gorzowskie'),
(923, 'Gorzow Wielkopolskie', 'PL', 'Gorzowskie'),
(924, 'Goteborg', 'S', 'Goteborg och Bohus'),
(925, 'Gottingen', 'D', 'Niedersachsen'),
(926, 'Governador Valadares', 'BR', 'Minas Gerais'),
(927, 'Gracias', 'HCA', 'Lempira'),
(928, 'Granada', 'E', 'Andalusia'),
(929, 'Granada', 'NIC', 'Nicaragua'),
(930, 'Grand Prairie', 'USA', 'Texas'),
(931, 'Grand Rapids', 'USA', 'Michigan'),
(932, 'Grand Turk', 'TUCA', 'Turks and Caicos Islands'),
(933, 'Gravatai', 'BR', 'Pernambuco'),
(934, 'Graz', 'A', 'Styria'),
(935, 'Green Bay', 'USA', 'Wisconsin'),
(936, 'Greensboro', 'USA', 'North Carolina'),
(937, 'Grenoble', 'F', 'Rhone Alpes'),
(938, 'Groningen', 'NL', 'Groningen'),
(939, 'Grozny', 'R', 'Chechen Rep.'),
(940, 'Grudziadz', 'PL', 'Torunskie'),
(941, 'Guacara', 'YV', 'Carabobo'),
(942, 'Guadalajara', 'MEX', 'Jalisco'),
(943, 'Guadalupe', 'MEX', 'Nuevo Leon'),
(944, 'Guanajuato', 'MEX', 'Guanajuato'),
(945, 'Guanare', 'YV', 'Portuguesa'),
(946, 'Guangshui', 'TJ', 'Hubei'),
(947, 'Guangyuan', 'TJ', 'Sichuan'),
(948, 'Guangzhou', 'TJ', 'Guangdong'),
(949, 'Guantanamo', 'C', 'Guantanamo'),
(950, 'Guarapuava', 'BR', 'Parana'),
(951, 'Guarda', 'P', 'Guarda'),
(952, 'Guarenas', 'YV', 'Miranda'),
(953, 'Guaruja', 'BR', 'Sao Paulo'),
(954, 'Guarulhos', 'BR', 'Sao Paulo'),
(955, 'Guatemala City', 'GCA', 'Guatemala'),
(956, 'Guayaquil', 'EC', 'Ecuador'),
(957, 'Guildford', 'GB', 'Surrey'),
(958, 'Guilin', 'TJ', 'Guangxi Zhuangzu'),
(959, 'Guixian', 'TJ', 'Guangxi Zhuangzu'),
(960, 'Guiyang', 'TJ', 'Guizhou'),
(961, 'Gujranwala', 'PK', 'Pakistan'),
(962, 'Gujrat', 'PK', 'Pakistan'),
(963, 'Guliston', 'UZB', 'Sirdare'),
(964, 'Gumushane', 'TR', 'Gumushane'),
(965, 'Guntur', 'IND', 'Andhra Pradesh'),
(966, 'Gusau', 'WAN', 'Nigeria'),
(967, 'Gwalior', 'IND', 'Madhya Pradesh'),
(968, 'Gyor', 'H', 'Gyor (munic.)'),
(969, 'Haarlem', 'NL', 'Noord Holland'),
(970, 'Haeju', 'NOK', 'North Korea'),
(971, 'Haemeenlinna', 'SF', 'Haeme'),
(972, 'Hafnarfjoerdur', 'IS', 'Iceland'),
(973, 'Hagen', 'D', 'Nordrhein Westfalen'),
(974, 'Haicheng', 'TJ', 'Liaoning'),
(975, 'Haifa', 'IL', 'Haifa'),
(976, 'Haikou', 'TJ', 'Hainan'),
(977, 'Hailar', 'TJ', 'Nei Monggol'),
(978, 'Haining', 'TJ', 'Zhejiang'),
(979, 'Haiphong', 'VN', 'Vietnam'),
(980, 'Hakha', 'MYA', 'Chin'),
(981, 'Hakkari', 'TR', 'Hakkari'),
(982, 'Hakodate', 'J', 'Hokkaido'),
(983, 'Halifax', 'CDN', 'Nova Scotia'),
(984, 'Halle', 'D', 'Sachsen Anhalt'),
(985, 'Halmstad', 'S', 'Halland'),
(986, 'Hamadan', 'IR', 'Hamadan'),
(987, 'Hamar', 'N', 'Hedmark'),
(988, 'Hamburg', 'D', 'Hamburg'),
(989, 'Hamhung Hungnam', 'NOK', 'North Korea'),
(990, 'Hami', 'TJ', 'Xinjiang Uygur'),
(991, 'Hamilton', 'BERM', 'Bermuda'),
(992, 'Hamilton', 'CDN', 'Ontario'),
(993, 'Hamm', 'D', 'Nordrhein Westfalen'),
(994, 'Hammerfest', 'N', 'Finnmark'),
(995, 'Hampton', 'USA', 'Virginia'),
(996, 'Handan', 'TJ', 'Hebei'),
(997, 'Hangzhou', 'TJ', 'Zhejiang'),
(998, 'Hannover', 'D', 'Niedersachsen'),
(999, 'Hanoi', 'VN', 'Vietnam'),
(1000, 'Hanzhong', 'TJ', 'Shaanxi'),
(1001, 'Haora', 'IND', 'West Bengal'),
(1002, 'Harare', 'ZW', 'Zimbabwe'),
(1003, 'Harbin', 'TJ', 'Heilongjiang'),
(1004, 'Harer', 'ETH', 'Ethiopia'),
(1005, 'Harnosand', 'S', 'Vasternorrland'),
(1006, 'Harrisburg', 'USA', 'Pennsylvania'),
(1007, 'Harrogate', 'GB', 'North Yorkshire'),
(1008, 'Hartford', 'USA', 'Connecticut'),
(1009, 'Hasselt', 'B', 'Limburg'),
(1010, 'Havana', 'C', 'Ciudad de la Habana'),
(1011, 'Havant', 'GB', 'Hampshire'),
(1012, 'Haverfordwest', 'GB', 'Pembrokeshire'),
(1013, 'Hayward', 'USA', 'California'),
(1014, 'Hebi', 'TJ', 'Henan'),
(1015, 'Heerlen', 'NL', 'Limburg'),
(1016, 'Hefei', 'TJ', 'Anhui'),
(1017, 'Hegang', 'TJ', 'Heilongjiang'),
(1018, 'Heidelberg', 'D', 'Baden Wurttemberg'),
(1019, 'Heilbronn', 'D', 'Baden Wurttemberg'),
(1020, 'Helena', 'USA', 'Montana'),
(1021, 'Helsingborg', 'S', 'Malmohus'),
(1022, 'Helsinki', 'SF', 'Uusimaa'),
(1023, 'Helwan', 'ET', 'El Qahira'),
(1024, 'Henderson', 'USA', 'Nevada'),
(1025, 'Hengshui', 'TJ', 'Hebei'),
(1026, 'Hengyang', 'TJ', 'Hunan'),
(1027, 'Heredia', 'CR', 'Heredia'),
(1028, 'Herisau', 'CH', 'AR'),
(1029, 'Hermannsverk', 'N', 'Sogn og Fjordane'),
(1030, 'Hermosillo', 'MEX', 'Sonora'),
(1031, 'Herne', 'D', 'Nordrhein Westfalen'),
(1032, 'Heroica Nogales', 'MEX', 'Sonora'),
(1033, 'Hertford', 'GB', 'Hertfordshire'),
(1034, 'Heyuan', 'TJ', 'Guangdong'),
(1035, 'Heze', 'TJ', 'Shandong'),
(1036, 'Hialeah', 'USA', 'Florida'),
(1037, 'Hildesheim', 'D', 'Niedersachsen'),
(1038, 'Hilo', 'USA', 'Hawaii'),
(1039, 'Hilversum', 'NL', 'Noord Holland'),
(1040, 'Hiroshima', 'J', 'Hiroshima'),
(1041, 'Hobart', 'AUS', 'Tasmania'),
(1042, 'Hodmezovasarhely', 'H', 'Csongrad'),
(1043, 'Hohhot', 'TJ', 'Nei Monggol'),
(1044, 'Holguin', 'C', 'Holguin'),
(1045, 'Hollywood', 'USA', 'Florida'),
(1046, 'Homs', 'SYR', 'Syria'),
(1047, 'Hong Gai', 'VN', 'Vietnam'),
(1048, 'Hong Kong', 'HONX', 'Hong Kong'),
(1049, 'Honghu', 'TJ', 'Hubei'),
(1050, 'Honiara', 'SLB', 'Solomon Islands'),
(1051, 'Honolulu', 'USA', 'Hawaii'),
(1052, 'Horlivka', 'UA', 'Donetska'),
(1053, 'Horsham', 'GB', 'West Sussex'),
(1054, 'Hortolandia', 'BR', 'Sao Paulo'),
(1055, 'Hospitalet de Llobregat', 'E', 'Catalonia'),
(1056, 'Houston', 'USA', 'Texas'),
(1057, 'Hpa an', 'MYA', 'Kayin'),
(1058, 'Hradec Kralove', 'CZ', 'Vychodocesky'),
(1059, 'Hsinchu', 'RC', 'Taiwan'),
(1060, 'Hsinchuang', 'RC', 'Taiwan'),
(1061, 'Hsintien', 'RC', 'Taiwan'),
(1062, 'Huadian', 'TJ', 'Jilin'),
(1063, 'Huaian', 'TJ', 'Jiangsu'),
(1064, 'Huaibei', 'TJ', 'Anhui'),
(1065, 'Huaihua', 'TJ', 'Hunan'),
(1066, 'Huainan', 'TJ', 'Anhui'),
(1067, 'Huaiyin', 'TJ', 'Jiangsu'),
(1068, 'Hualien', 'RC', 'Taiwan'),
(1069, 'Huambo', 'ANG', 'Huambo'),
(1070, 'Huancavelica', 'PE', 'Huancavelica'),
(1071, 'Huancayo', 'PE', 'Junin'),
(1072, 'Huangshi', 'TJ', 'Hubei'),
(1073, 'Huanuco', 'PE', 'Huanuco'),
(1074, 'Huaraz', 'PE', 'Ancash'),
(1075, 'Hubli', 'IND', 'Karnataka'),
(1076, 'Huddersfield', 'GB', 'West Yorkshire'),
(1077, 'Hue', 'VN', 'Vietnam'),
(1078, 'Huelva', 'E', 'Andalusia'),
(1079, 'Huichon', 'NOK', 'North Korea'),
(1080, 'Huizhou', 'TJ', 'Guangdong'),
(1081, 'Hull', 'GB', 'Humberside'),
(1082, 'Hunjiang', 'TJ', 'Jilin'),
(1083, 'Huntingdon', 'GB', 'Cambridgeshire'),
(1084, 'Huntington Beach', 'USA', 'California'),
(1085, 'Huntsville', 'USA', 'Alabama'),
(1086, 'Hurghada', 'ET', 'El Bahr el Ahmar'),
(1087, 'Huzhou', 'TJ', 'Zhejiang'),
(1088, 'Hyderabad', 'IND', 'Andhra Pradesh'),
(1089, 'Hyderabad', 'PK', 'Pakistan'),
(1090, 'Iasi', 'RO', 'Iasi'),
(1091, 'Ibadan', 'WAN', 'Nigeria'),
(1092, 'Ibague', 'CO', 'Tolima'),
(1093, 'Ibirite', 'BR', 'Minas Gerais'),
(1094, 'Ica', 'PE', 'Ica'),
(1095, 'Ife', 'WAN', 'Nigeria'),
(1096, 'Ijebu Ode', 'WAN', 'Nigeria'),
(1097, 'Ikare', 'WAN', 'Nigeria'),
(1098, 'Ikerre', 'WAN', 'Nigeria'),
(1099, 'Ikire', 'WAN', 'Nigeria'),
(1100, 'Ikirun', 'WAN', 'Nigeria'),
(1101, 'Ikorodu', 'WAN', 'Nigeria'),
(1102, 'Ila', 'WAN', 'Nigeria'),
(1103, 'Ilam', 'IR', 'Ilam'),
(1104, 'Ilawe Ekiti', 'WAN', 'Nigeria'),
(1105, 'Ilesha', 'WAN', 'Nigeria'),
(1106, 'Ilheus', 'BR', 'Bahia'),
(1107, 'Ilobu', 'WAN', 'Nigeria'),
(1108, 'Ilorin', 'WAN', 'Nigeria'),
(1109, 'Imperatriz', 'BR', 'Maranhao'),
(1110, 'Imphal', 'IND', 'Manipur'),
(1111, 'Inchon', 'ROK', 'South Korea'),
(1112, 'Indaiatuba', 'BR', 'Sao Paulo'),
(1113, 'Independence', 'USA', 'Missouri'),
(1114, 'Indianapolis', 'USA', 'Indiana'),
(1115, 'Indore', 'IND', 'Madhya Pradesh'),
(1116, 'Inglewood', 'USA', 'California'),
(1117, 'Ingolstadt', 'D', 'Bayern'),
(1118, 'Inhambane', 'MOC', 'Inhambane'),
(1119, 'Inisa', 'WAN', 'Nigeria'),
(1120, 'Innsbruck', 'A', 'Tyrol'),
(1121, 'Inverness', 'GB', 'Highland'),
(1122, 'Ioannina', 'GR', 'Ipiros'),
(1123, 'Ipatinga', 'BR', 'Minas Gerais'),
(1124, 'Ipoh', 'MAL', 'Perak'),
(1125, 'Ipswich', 'GB', 'Suffolk'),
(1126, 'Iquitos', 'PE', 'Loreto'),
(1127, 'Iraklion', 'GR', 'Kriti'),
(1128, 'Irapuato', 'MEX', 'Guanajuato'),
(1129, 'Iringa', 'EAT', 'Iringa'),
(1130, 'Irkutsk', 'R', 'Irkutskaya oblast'),
(1131, 'Irvine', 'USA', 'California'),
(1132, 'Irving', 'USA', 'Texas'),
(1133, 'Iseyin', 'WAN', 'Nigeria'),
(1134, 'Iskenderun', 'TR', 'Hatay'),
(1135, 'Islamabad', 'PK', 'Pakistan'),
(1136, 'Islamshahr', 'IR', 'Tehran'),
(1137, 'Ismailiya', 'ET', 'Ismailiya'),
(1138, 'Isparta', 'TR', 'Isparta'),
(1139, 'Istanbul', 'TR', 'Istanbul'),
(1140, 'Itaborai', 'BR', 'Rio de Janeiro'),
(1141, 'Itabuna', 'BR', 'Bahia'),
(1142, 'Itagui', 'CO', 'Antioquia'),
(1143, 'Itaituba', 'BR', 'Para'),
(1144, 'Itajai', 'BR', 'Santa Catarina'),
(1145, 'Itanagar', 'IND', 'Arunachal Pradesh'),
(1146, 'Itapecerica da Serra', 'BR', 'Minas Gerais'),
(1147, 'Itapetininga', 'BR', 'Sao Paulo'),
(1148, 'Itapevi', 'BR', 'Sao Paulo'),
(1149, 'Itaquaquecetuba', 'BR', 'Sao Paulo'),
(1150, 'Itu', 'BR', 'Sao Paulo'),
(1151, 'Ivano Frankivsk', 'UA', 'Ivano Frankivska'),
(1152, 'Ivanovo', 'R', 'Ivanovskaya oblast'),
(1153, 'Iwo', 'WAN', 'Nigeria'),
(1154, 'Izhevsk', 'R', 'Udmurt Republic'),
(1155, 'Izmir', 'TR', 'Izmir'),
(1156, 'Izmit', 'TR', 'Kocaeli'),
(1157, 'Jabalpur', 'IND', 'Madhya Pradesh'),
(1158, 'Jaboatao dos Guararapes', 'BR', 'Pernambuco'),
(1159, 'Jacarei', 'BR', 'Sao Paulo'),
(1160, 'Jackson', 'USA', 'Mississippi'),
(1161, 'Jacksonville', 'USA', 'Florida'),
(1162, 'Jaen', 'E', 'Andalusia'),
(1163, 'Jaipur', 'IND', 'Rajasthan'),
(1164, 'Jakarta', 'RI', 'Indonesia'),
(1165, 'Jalandhar', 'IND', 'Punjab'),
(1166, 'Jalapa', 'MEX', 'Veracruz'),
(1167, 'Jamalpur', 'BD', 'Bangladesh'),
(1168, 'Jambi', 'RI', 'Indonesia'),
(1169, 'Jamestown', 'HELX', 'Saint Helena'),
(1170, 'Jammu', 'IND', 'Jammu and Kashmir'),
(1171, 'Jamnagar', 'IND', 'Gujarat'),
(1172, 'Jamshedpur', 'IND', 'Bihar'),
(1173, 'Jastrzebie Zdroj', 'PL', 'Katowickie'),
(1174, 'Jau', 'BR', 'Sao Paulo'),
(1175, 'Jeddah', 'SA', 'Saudi Arabia'),
(1176, 'Jefferson City', 'USA', 'Missouri'),
(1177, 'Jelenia Gora', 'PL', 'Jeleniogorskie'),
(1178, 'Jena', 'D', 'Thuringen'),
(1179, 'Jequie', 'BR', 'Bahia'),
(1180, 'Jerez de la Frontera', 'E', 'Andalusia'),
(1181, 'Jersey City', 'USA', 'New Jersey'),
(1182, 'Jerusalem', 'IL', 'Central'),
(1183, 'Jessore', 'BD', 'Bangladesh'),
(1184, 'Jhang', 'PK', 'Pakistan'),
(1185, 'Jhansi', 'IND', 'Uttar Pradesh'),
(1186, 'Jhelum', 'PK', 'Pakistan'),
(1187, 'Jiamusi', 'TJ', 'Heilongjiang'),
(1188, 'Jiangmen', 'TJ', 'Guangdong'),
(1189, 'Jiangyin', 'TJ', 'Jiangsu'),
(1190, 'Jiangyou', 'TJ', 'Sichuan'),
(1191, 'Jiaonan', 'TJ', 'Shandong'),
(1192, 'Jiaoxian', 'TJ', 'Shandong'),
(1193, 'Jiaozuo', 'TJ', 'Henan'),
(1194, 'Jiaxing', 'TJ', 'Zhejiang'),
(1195, 'Jilin', 'TJ', 'Jilin'),
(1196, 'Jima', 'ETH', 'Ethiopia'),
(1197, 'Jinan', 'TJ', 'Shandong'),
(1198, 'Jincheng', 'TJ', 'Shanxi'),
(1199, 'Jingdezhen', 'TJ', 'Jiangxi'),
(1200, 'Jinhua', 'TJ', 'Zhejiang'),
(1201, 'Jining', 'TJ', 'Nei Monggol'),
(1202, 'Jining', 'TJ', 'Shandong'),
(1203, 'Jinxi', 'TJ', 'Liaoning'),
(1204, 'Jinzhou', 'TJ', 'Liaoning'),
(1205, 'Jiujiang', 'TJ', 'Jiangxi'),
(1206, 'Jiutai', 'TJ', 'Jilin'),
(1207, 'Jixi', 'TJ', 'Heilongjiang'),
(1208, 'Jizzakh', 'UZB', 'Jizzakh'),
(1209, 'Joao Pessoa', 'BR', 'Paraiba'),
(1210, 'Jodhpur', 'IND', 'Rajasthan'),
(1211, 'Joensuu', 'SF', 'Pohjols-Karjala'),
(1212, 'Johannesburg', 'RSA', 'Gauteng'),
(1213, 'Johor Baharu', 'MAL', 'Johor'),
(1214, 'Joinvile', 'BR', 'Santa Catarina'),
(1215, 'Jokkmokk', 'S', 'Norrbotten'),
(1216, 'Jonkoping', 'S', 'Jonkoping'),
(1217, 'Jos', 'WAN', 'Nigeria'),
(1218, 'Juazeiro', 'BR', 'Bahia'),
(1219, 'Juazeiro do Norte', 'BR', 'Ceara'),
(1220, 'Juba', 'SUD', 'al Istiwaiyah'),
(1221, 'Juiz de Fora', 'BR', 'Minas Gerais'),
(1222, 'Juliaca', 'PE', 'Puno'),
(1223, 'Jundiai', 'BR', 'Sao Paulo'),
(1224, 'Juneau', 'USA', 'Alaska'),
(1225, 'Jutigalpa', 'HCA', 'Olancho'),
(1226, 'Jyvaeskylae', 'SF', 'Suomi'),
(1227, 'Kabul', 'AFG', 'Afghanistan'),
(1228, 'Kabwe', 'Z', 'Central'),
(1229, 'Kaduna', 'WAN', 'Nigeria'),
(1230, 'Kaesong', 'NOK', 'North Korea'),
(1231, 'Kafr el Dauwar', 'ET', 'El Buhayra'),
(1232, 'Kafr el Sheikh', 'ET', 'Kafr el Sheikh'),
(1233, 'Kagoshima', 'J', 'Kagoshima'),
(1234, 'Kaifeng', 'TJ', 'Henan'),
(1235, 'Kaili', 'TJ', 'Guizhou'),
(1236, 'Kaiserslautern', 'D', 'Rheinland Pfalz'),
(1237, 'Kakamega', 'EAK', 'Western'),
(1238, 'Kalemie', 'ZRE', 'Shaba/Katanga'),
(1239, 'Kaliningrad', 'R', 'Kaliningradskaya oblast'),
(1240, 'Kalisz', 'PL', 'Kaliskie'),
(1241, 'Kalmar', 'S', 'Kalmar'),
(1242, 'Kalookan', 'RP', 'Philippines'),
(1243, 'Kaluga', 'R', 'Kaluzhskaya oblast'),
(1244, 'Kalyan', 'IND', 'Maharashtra'),
(1245, 'Kamensk Uralskiy', 'R', 'Sverdlovskaya oblast'),
(1246, 'Kampala', 'EAU', 'Uganda'),
(1247, 'Kamyshin', 'R', 'Volgogradskaya oblast'),
(1248, 'Kananga', 'ZRE', 'Kasai Occidental'),
(1249, 'Kanazawa', 'J', 'Ishikawa'),
(1250, 'Kangar', 'MAL', 'Perlis'),
(1251, 'Kanggye', 'NOK', 'North Korea'),
(1252, 'Kano', 'WAN', 'Nigeria'),
(1253, 'Kanpur', 'IND', 'Uttar Pradesh'),
(1254, 'Kansas City', 'USA', 'Kansas'),
(1255, 'Kansas City', 'USA', 'Missouri'),
(1256, 'Kansk', 'R', 'Krasnoyarskiy kray'),
(1257, 'Kaohsiung', 'RC', 'Taiwan'),
(1258, 'Kaolack', 'SN', 'Kaolack'),
(1259, 'Kaposvar', 'H', 'Somogy'),
(1260, 'Karabuk', 'TR', 'Zonguldak'),
(1261, 'Karachi', 'PK', 'Pakistan'),
(1262, 'Karaganda', 'KAZ', 'Qaraghandy'),
(1263, 'Karaj', 'IR', 'Tehran'),
(1264, 'Karaman', 'TR', 'Karaman'),
(1265, 'Karaman Maras', 'TR', 'Karamanmaras'),
(1266, 'Karamay', 'TJ', 'Xinjiang Uygur'),
(1267, 'Karbala', 'IRQ', 'Karbala'),
(1268, 'Karlskrona', 'S', 'Blekinge'),
(1269, 'Karlsruhe', 'D', 'Baden Wurttemberg'),
(1270, 'Karlstad', 'S', 'Varmland'),
(1271, 'Kars', 'TR', 'Kars'),
(1272, 'Kasama', 'Z', 'Northern'),
(1273, 'Kashan', 'IR', 'Tehran'),
(1274, 'Kashi', 'TJ', 'Xinjiang Uygur'),
(1275, 'Kassala', 'SUD', 'ash Sharqiyah'),
(1276, 'Kassel', 'D', 'Hessen'),
(1277, 'Kastamonu', 'TR', 'Kastamonu'),
(1278, 'Kasur', 'PK', 'Pakistan'),
(1279, 'Kathmandu', 'NEP', 'Nepal'),
(1280, 'Katowice', 'PL', 'Katowickie'),
(1281, 'Katsina', 'WAN', 'Nigeria'),
(1282, 'Kavalla', 'GR', 'Anatoliki Makedhonia kai Thraki'),
(1283, 'Kavaratti', 'IND', 'Lakshadweep Is.'),
(1284, 'Kawasaki', 'J', 'Kanagawa'),
(1285, 'Kayseri', 'TR', 'Kayseri'),
(1286, 'Kazan', 'R', 'Rep. of Tatarstan'),
(1287, 'Kecskemet', 'H', 'Bacs Kiskun'),
(1288, 'Kediri', 'RI', 'Indonesia'),
(1289, 'Keflavik', 'IS', 'Iceland'),
(1290, 'Kelang', 'MAL', 'Selangor'),
(1291, 'Kemerovo', 'R', 'Kemerovskaya oblast'),
(1292, 'Kenitra', 'MA', 'Morocco'),
(1293, 'Kericho', 'EAK', 'Rift Valley'),
(1294, 'Kerman', 'IR', 'Kerman'),
(1295, 'Khabarovsk', 'R', 'Khabarovskiy kray'),
(1296, 'Kharkiv', 'UA', 'Kharkivska'),
(1297, 'Khartoum', 'SUD', 'al Khartum'),
(1298, 'Khartoum North', 'SUD', 'al Khartum'),
(1299, 'Kherson', 'UA', 'Khersonska'),
(1300, 'Khimki', 'R', 'Moskovskaya oblast'),
(1301, 'Khmelnytskyy', 'UA', 'Khmelnytska'),
(1302, 'Khomeynishahr', 'IR', 'Esfahan'),
(1303, 'Khon Kaen', 'THA', 'Thailand'),
(1304, 'Khorramabad', 'IR', 'Lorestan'),
(1305, 'Khorramshahr', 'IR', 'Khuzestan'),
(1306, 'Khorugh', 'TAD', 'Badakhshoni Kuni'),
(1307, 'Khouribga', 'MA', 'Morocco'),
(1308, 'Khujand', 'TAD', 'Khujand'),
(1309, 'Khulna', 'BD', 'Bangladesh'),
(1310, 'Khvoy', 'IR', 'Azarbayian e Gharbt'),
(1311, 'Kiel', 'D', 'Schleswig Holstein'),
(1312, 'Kielce', 'PL', 'Kieleckie'),
(1313, 'Kiev', 'UA', 'Kyyivska'),
(1314, 'Kigali', 'RWA', 'Rwanda'),
(1315, 'Kigoma Ujiji', 'EAT', 'Kigoma'),
(1316, 'Kikwit', 'ZRE', 'Bandundu'),
(1317, 'Kimberley', 'RSA', 'Northern Cape'),
(1318, 'Kineshma', 'R', 'Ivanovskaya oblast'),
(1319, 'Kings Lynn', 'GB', 'Norfolk'),
(1320, 'Kingston', 'GB', 'Surrey'),
(1321, 'Kingston', 'JA', 'Jamaica'),
(1322, 'Kingston', 'NORF', 'Norfolk Island'),
(1323, 'Kingston upon Hull', 'GB', 'Humberside'),
(1324, 'Kingstown', 'WV', 'Saint Vincent and the Grenadines'),
(1325, 'Kinshasa', 'ZRE', 'Kinshasa'),
(1326, 'Kirikkale', 'TR', 'Kirikkale'),
(1327, 'Kirklareli', 'TR', 'Kirklareli'),
(1328, 'Kirklees', 'GB', 'West Yorkshire'),
(1329, 'Kirkuk', 'IRQ', 'Ad Tamim'),
(1330, 'Kirkwall', 'GB', 'Orkneys'),
(1331, 'Kirov', 'R', 'Kirovskaya oblast'),
(1332, 'Kirovohrad', 'UA', 'Kirovohradska'),
(1333, 'Kirsehir', 'TR', 'Kirsehir'),
(1334, 'Kisangani', 'ZRE', 'Haut Zaire'),
(1335, 'Kiselyovsk', 'R', 'Kemerovskaya oblast'),
(1336, 'Kisii', 'EAK', 'Nyanza'),
(1337, 'Kislovodsk', 'R', 'Stavropolsky kray'),
(1338, 'Kisumu', 'EAK', 'Nyanza'),
(1339, 'Kita Kyushu', 'J', 'Fukuoka'),
(1340, 'Kitale', 'EAK', 'Rift Valley'),
(1341, 'Kitchener', 'CDN', 'Ontario'),
(1342, 'Kitwe', 'Z', 'Copperbelt'),
(1343, 'Klagenfurt', 'A', 'Carinthia'),
(1344, 'Knowsley', 'GB', 'Merseyside'),
(1345, 'Knoxville', 'USA', 'Tennessee'),
(1346, 'Koani', 'EAT', 'Kusini Ujunga'),
(1347, 'Kobe', 'J', 'Hyogo'),
(1348, 'Koblenz', 'D', 'Rheinland Pfalz'),
(1349, 'Kocaeli', 'TR', 'Kocaeli'),
(1350, 'Kochi', 'J', 'Kochi'),
(1351, 'Kofu', 'J', 'Yamanashi'),
(1352, 'Kohima', 'IND', 'Nagaland'),
(1353, 'Kokchetau', 'KAZ', 'Kokchetau'),
(1354, 'Kolda', 'SN', 'Kolda'),
(1355, 'Kolhapur', 'IND', 'Maharashtra'),
(1356, 'Koln', 'D', 'Nordrhein Westfalen'),
(1357, 'Kolomna', 'R', 'Moskovskaya oblast'),
(1358, 'Kolonia', 'FSM', 'Micronesia'),
(1359, 'Kolpino', 'R', 'Leningradskaya oblast'),
(1360, 'Kolwezi', 'ZRE', 'Shaba/Katanga'),
(1361, 'Komotini', 'GR', 'Anatoliki Makedhonia kai Thraki');
INSERT INTO `ville` (`id`, `nom`, `pays`, `province`) VALUES
(1362, 'Komsomolsk na Amure', 'R', 'Khabarovskiy kray'),
(1363, 'Konin', 'PL', 'Koninskie'),
(1364, 'Konya', 'TR', 'Konya'),
(1365, 'Korce', 'AL', 'Albania'),
(1366, 'Korfu', 'GR', 'Ionioi Nisoi'),
(1367, 'Korla', 'TJ', 'Xinjiang Uygur'),
(1368, 'Koror', 'PAL', 'Palau'),
(1369, 'Kostroma', 'R', 'Kostromskaya oblast'),
(1370, 'Koszalin', 'PL', 'Koszalinskie'),
(1371, 'Kota', 'IND', 'Rajasthan'),
(1372, 'Kota Baharu', 'MAL', 'Kelantan'),
(1373, 'Kota Kinabalu', 'MAL', 'Sabah'),
(1374, 'Kotka', 'SF', 'Kymi'),
(1375, 'Kovrov', 'R', 'Vladimirskaya oblast'),
(1376, 'Kozani', 'GR', 'Dhytiki Makedhonia'),
(1377, 'Kozhikode', 'IND', 'Kerala'),
(1378, 'Krakow', 'PL', 'Krakowskie'),
(1379, 'Krasnodar', 'R', 'Krasnodarsky kray'),
(1380, 'Krasnoyarsk', 'R', 'Krasnoyarskiy kray'),
(1381, 'Krefeld', 'D', 'Nordrhein Westfalen'),
(1382, 'Kremenchuk', 'UA', 'Poltavska'),
(1383, 'Kristiansand', 'N', 'Vest Agder'),
(1384, 'Kristianstad', 'S', 'Kristianstad'),
(1385, 'Krosno', 'PL', 'Krosnienskie'),
(1386, 'Kryvyy Rih', 'UA', 'Dnipropetrovska'),
(1387, 'Kuala Lumpur', 'MAL', 'Fed. Terr. of Kuala Lumpur'),
(1388, 'Kuala Terengganu', 'MAL', 'Terengganu'),
(1389, 'Kuantan', 'MAL', 'Pahang'),
(1390, 'Kuching', 'MAL', 'Sarawak'),
(1391, 'Kulob', 'TAD', 'Kulob'),
(1392, 'Kumamoto', 'J', 'Kumamoto'),
(1393, 'Kumasi', 'GH', 'Ghana'),
(1394, 'Kumo', 'WAN', 'Nigeria'),
(1395, 'Kunming', 'TJ', 'Yunnan'),
(1396, 'Kunsan', 'ROK', 'South Korea'),
(1397, 'Kunshan', 'TJ', 'Jiangsu'),
(1398, 'Kuopio', 'SF', 'Kuopio'),
(1399, 'Kurgan', 'R', 'Kurganskaya oblast'),
(1400, 'Kursk', 'R', 'Kurskaya oblast'),
(1401, 'Kusong', 'NOK', 'North Korea'),
(1402, 'Kutahya', 'TR', 'Kutahya'),
(1403, 'Kuwait', 'KWT', 'Kuwait'),
(1404, 'Kuznetsk', 'R', 'Penzenskaya oblast'),
(1405, 'Kwangju', 'ROK', 'South Korea'),
(1406, 'Kyoto', 'J', 'Kyoto'),
(1407, 'Kyzyl', 'R', 'Rep. of Tyva'),
(1408, 'La Ascuncion', 'YV', 'Nueva Esparta'),
(1409, 'La Ceiba', 'HCA', 'Atlantida'),
(1410, 'La Coruna', 'E', 'Galicia'),
(1411, 'La Esperanza', 'HCA', 'Intibuca'),
(1412, 'La Laguna', 'E', 'Canary Islands'),
(1413, 'La Matanza', 'RA', 'Buenos Aires'),
(1414, 'La Palma', 'PA', 'Darien'),
(1415, 'La Paz', 'BOL', 'Bolivia'),
(1416, 'La Paz', 'HCA', 'La Paz'),
(1417, 'La Paz', 'MEX', 'Baja California Sur'),
(1418, 'La Plata', 'RA', 'Buenos Aires'),
(1419, 'La Rioja', 'RA', 'La Rioja'),
(1420, 'La Spezia', 'I', 'Liguria'),
(1421, 'Labuan', 'MAL', 'Fed. Terr. of Labuan'),
(1422, 'Lafayette', 'USA', 'Louisiana'),
(1423, 'Lafia', 'WAN', 'Nigeria'),
(1424, 'Lages', 'BR', 'Santa Catarina'),
(1425, 'Lagos', 'WAN', 'Nigeria'),
(1426, 'Lahore', 'PK', 'Pakistan'),
(1427, 'Lahore Cantonment', 'PK', 'Pakistan'),
(1428, 'Lahti', 'SF', 'Haeme'),
(1429, 'Laiwu', 'TJ', 'Shandong'),
(1430, 'Laiyang', 'TJ', 'Shandong'),
(1431, 'Lakewood', 'USA', 'Colorado'),
(1432, 'Lamia', 'GR', 'Sterea Ellas'),
(1433, 'Lancaster', 'GB', 'Lancashire'),
(1434, 'Lancaster', 'USA', 'California'),
(1435, 'Lansing', 'USA', 'Michigan'),
(1436, 'Lanus', 'RA', 'Buenos Aires'),
(1437, 'Lanzhou', 'TJ', 'Gansu'),
(1438, 'Laohekou', 'TJ', 'Hubei'),
(1439, 'Lappeenrenta', 'SF', 'Kymi'),
(1440, 'LAquila', 'I', 'Abruzzo'),
(1441, 'Laredo', 'USA', 'Texas'),
(1442, 'Larisa', 'GR', 'Thessalia'),
(1443, 'Larkana', 'PK', 'Pakistan'),
(1444, 'Las Palmas de Gran Canaria', 'E', 'Canary Islands'),
(1445, 'Las Tablas', 'PA', 'Los Santos'),
(1446, 'Las Vegas', 'USA', 'Nevada'),
(1447, 'Latina', 'I', 'Lazio'),
(1448, 'Lausanne', 'CH', 'VD'),
(1449, 'Laval', 'CDN', 'Quebec'),
(1450, 'Le Havre', 'F', 'Haute Normandie'),
(1451, 'Le Mans', 'F', 'Pays de la Loire'),
(1452, 'Lecce', 'I', 'Puglia'),
(1453, 'Leeds', 'GB', 'West Yorkshire'),
(1454, 'Leeuwarden', 'NL', 'Friesland'),
(1455, 'Leganes', 'E', 'Madrid'),
(1456, 'Legnica', 'PL', 'Legnickie'),
(1457, 'Leichester', 'GB', 'Leicestershire'),
(1458, 'Leiden', 'NL', 'Zuid Holland'),
(1459, 'Leipzig', 'D', 'Sachsen'),
(1460, 'Leiria', 'P', 'Leiria'),
(1461, 'Leiyang', 'TJ', 'Hunan'),
(1462, 'Lelystad', 'NL', 'Flevoland'),
(1463, 'Lengshuijiang', 'TJ', 'Hunan'),
(1464, 'Leninsk', 'KAZ', 'Leninsk (munic.)'),
(1465, 'Leninsk Kuznetskiy', 'R', 'Kemerovskaya oblast'),
(1466, 'Leon', 'E', 'Castile and Leon'),
(1467, 'Leon', 'MEX', 'Guanajuato'),
(1468, 'Leon', 'NIC', 'Nicaragua'),
(1469, 'Lerwick', 'GB', 'Shetland'),
(1470, 'Leshan', 'TJ', 'Sichuan'),
(1471, 'Leszno', 'PL', 'Leszczynskie'),
(1472, 'Leticia', 'CO', 'Amazonas'),
(1473, 'Leverkusen', 'D', 'Nordrhein Westfalen'),
(1474, 'Lewes', 'GB', 'East Sussex'),
(1475, 'Lexington Fayette', 'USA', 'Kentucky'),
(1476, 'Lhasa', 'TJ', 'Tibet'),
(1477, 'Liancheng', 'TJ', 'Shandong'),
(1478, 'Lianyungang', 'TJ', 'Jiangsu'),
(1479, 'Liaocheng', 'TJ', 'Shandong'),
(1480, 'Liaoyang', 'TJ', 'Liaoning'),
(1481, 'Liaoyuan', 'TJ', 'Jilin'),
(1482, 'Liberec', 'CZ', 'Severocesky'),
(1483, 'Liberia', 'CR', 'Guanacaste'),
(1484, 'Libreville', 'G', 'Gabon'),
(1485, 'Lichinga', 'MOC', 'Niassa'),
(1486, 'Liege', 'B', 'Liege'),
(1487, 'Liestal', 'CH', 'BL'),
(1488, 'Likasi', 'ZRE', 'Shaba/Katanga'),
(1489, 'Liling', 'TJ', 'Hunan'),
(1490, 'Lille', 'F', 'Nord Pas de Calais'),
(1491, 'Lillehammer', 'N', 'Oppland'),
(1492, 'Lilongwe', 'MW', 'Malawi'),
(1493, 'Lima', 'PE', 'Lima'),
(1494, 'Limeira', 'BR', 'Sao Paulo'),
(1495, 'Limoges', 'F', 'Limousin'),
(1496, 'Limon', 'CR', 'Limon'),
(1497, 'Lincoln', 'GB', 'Lincolnshire'),
(1498, 'Lincoln', 'USA', 'Nebraska'),
(1499, 'Lindi', 'EAT', 'Lindi'),
(1500, 'Linfen', 'TJ', 'Shanxi'),
(1501, 'Linhares', 'BR', 'Espirito Santo'),
(1502, 'Linhe', 'TJ', 'Nei Monggol'),
(1503, 'Linkoping', 'S', 'Ostergotland'),
(1504, 'Linqing', 'TJ', 'Shandong'),
(1505, 'Linyi', 'TJ', 'Shandong'),
(1506, 'Linz', 'A', 'Upper Austria'),
(1507, 'Lipetsk', 'R', 'Lipetskaya oblast'),
(1508, 'Lisbon', 'P', 'Lisbon'),
(1509, 'Little Rock', 'USA', 'Arkansas'),
(1510, 'Liupanshui', 'TJ', 'Guizhou'),
(1511, 'Liuzhou', 'TJ', 'Guangxi Zhuangzu'),
(1512, 'Liverpool', 'GB', 'Merseyside'),
(1513, 'Livingstone', 'Z', 'Southern'),
(1514, 'Livonia', 'USA', 'Michigan'),
(1515, 'Livorno', 'I', 'Toscana'),
(1516, 'Liyang', 'TJ', 'Jiangsu'),
(1517, 'Ljubljana', 'SLO', 'Slovenia'),
(1518, 'Llandrindod Wells', 'GB', 'Powys'),
(1519, 'Llangefni', 'GB', 'Anglesey'),
(1520, 'Lleida', 'E', 'Catalonia'),
(1521, 'Lodz', 'PL', 'Lodzkie'),
(1522, 'Logrono', 'E', 'Rioja'),
(1523, 'Loikaw', 'MYA', 'Kayah'),
(1524, 'Lomas de Zamoras', 'RA', 'Buenos Aires'),
(1525, 'Lome', 'RT', 'Togo'),
(1526, 'Lomza', 'PL', 'Lomzynskie'),
(1527, 'London', 'CDN', 'Ontario'),
(1528, 'London', 'GB', 'Greater London'),
(1529, 'Londrina', 'BR', 'Parana'),
(1530, 'Long Beach', 'USA', 'California'),
(1531, 'Long Xuyen', 'VN', 'Vietnam'),
(1532, 'Longjing', 'TJ', 'Jilin'),
(1533, 'Longkou', 'TJ', 'Shandong'),
(1534, 'Longueuil', 'CDN', 'Quebec'),
(1535, 'Longyan', 'TJ', 'Fujian'),
(1536, 'Longyearbyen', 'SVAX', 'Svalbard'),
(1537, 'Los Angeles', 'USA', 'California'),
(1538, 'Los Mochis', 'MEX', 'Sinaloa'),
(1539, 'Los Teques', 'YV', 'Miranda'),
(1540, 'Loudi', 'TJ', 'Hunan'),
(1541, 'Louga', 'SN', 'Louga'),
(1542, 'Louisville', 'USA', 'Kentucky'),
(1543, 'Lowell', 'USA', 'Massachusetts'),
(1544, 'Luan', 'TJ', 'Anhui'),
(1545, 'Luanda', 'ANG', 'Luanda'),
(1546, 'Luanshya', 'Z', 'Copperbelt'),
(1547, 'Lubango', 'ANG', 'Huila'),
(1548, 'Lubbock', 'USA', 'Texas'),
(1549, 'Lubeck', 'D', 'Schleswig Holstein'),
(1550, 'Lublin', 'PL', 'Lubelskie'),
(1551, 'Lubumbashi', 'ZRE', 'Shaba/Katanga'),
(1552, 'Lucapa', 'ANG', 'Lunda Norte'),
(1553, 'Lucknow', 'IND', 'Uttar Pradesh'),
(1554, 'Ludhiana', 'IND', 'Punjab'),
(1555, 'Ludwigshafen', 'D', 'Rheinland Pfalz'),
(1556, 'Luena', 'ANG', 'Moxico'),
(1557, 'Luhansk', 'UA', 'Luhanska'),
(1558, 'Lulea', 'S', 'Norrbotten'),
(1559, 'Luohe', 'TJ', 'Henan'),
(1560, 'Luoyang', 'TJ', 'Henan'),
(1561, 'Lusaka', 'Z', 'Lusaka'),
(1562, 'Luton', 'GB', 'Bedfordshire'),
(1563, 'Lutsk', 'UA', 'Volynska'),
(1564, 'Luxembourg', 'L', 'Luxembourg'),
(1565, 'Luzern', 'CH', 'LU'),
(1566, 'Luzhou', 'TJ', 'Sichuan'),
(1567, 'Luziania', 'BR', 'Goias'),
(1568, 'Lviv', 'UA', 'Lvivska'),
(1569, 'Lyallpur', 'PK', 'Pakistan'),
(1570, 'Lyon', 'F', 'Rhone Alpes'),
(1571, 'Lyubertsy', 'R', 'Moskovskaya oblast'),
(1572, 'Maanshan', 'TJ', 'Anhui'),
(1573, 'Maastricht', 'NL', 'Limburg'),
(1574, 'Macae', 'BR', 'Rio de Janeiro'),
(1575, 'Macapa', 'BR', 'Amapa'),
(1576, 'Macau', 'MACX', 'Macau'),
(1577, 'Macclesfield', 'GB', 'Cheshire'),
(1578, 'Maceio', 'BR', 'Alagoas'),
(1579, 'Machakos', 'EAK', 'Eastern'),
(1580, 'Macon', 'USA', 'Georgia'),
(1581, 'Madison', 'USA', 'Wisconsin'),
(1582, 'Madiun', 'RI', 'Indonesia'),
(1583, 'Madras', 'IND', 'Tamil Nadu'),
(1584, 'Madrid', 'E', 'Madrid'),
(1585, 'Madurai', 'IND', 'Tamil Nadu'),
(1586, 'Maebashi', 'J', 'Gumma'),
(1587, 'Magadan', 'R', 'Magadanskaya oblast'),
(1588, 'Magdeburg', 'D', 'Sachsen Anhalt'),
(1589, 'Mage', 'BR', 'Rio de Janeiro'),
(1590, 'Magelang', 'RI', 'Indonesia'),
(1591, 'Magnitogorsk', 'R', 'Chelyabinskaya oblast'),
(1592, 'Magway', 'MYA', 'Magway'),
(1593, 'Maidstone', 'GB', 'Kent'),
(1594, 'Maiduguri', 'WAN', 'Nigeria'),
(1595, 'Mainz', 'D', 'Rheinland Pfalz'),
(1596, 'Majunga', 'RM', 'Mahajanga'),
(1597, 'Majuro', 'MH', 'Marshall Islands'),
(1598, 'Makati', 'RP', 'Philippines'),
(1599, 'Makhachkala', 'R', 'Rep. of Dagestan'),
(1600, 'Makiyivka', 'UA', 'Donetska'),
(1601, 'Makurdi', 'WAN', 'Nigeria'),
(1602, 'Malabo', 'GQ', 'Equatorial Guinea'),
(1603, 'Malaga', 'E', 'Andalusia'),
(1604, 'Malakal', 'SUD', 'Aali an Nil'),
(1605, 'Malambo', 'CO', 'Atlantico'),
(1606, 'Malang', 'RI', 'Indonesia'),
(1607, 'Malanje', 'ANG', 'Malanje'),
(1608, 'Malatya', 'TR', 'Malatya'),
(1609, 'Malayer', 'IR', 'Hamadan'),
(1610, 'Male', 'MV', 'Maldives'),
(1611, 'Malindi', 'EAK', 'Coast'),
(1612, 'Malmo', 'S', 'Malmohus'),
(1613, 'Mamoutzou', 'MAYO', 'Mayotte'),
(1614, 'Manado', 'RI', 'Indonesia'),
(1615, 'Managua', 'NIC', 'Nicaragua'),
(1616, 'Manama', 'BRN', 'Bahrain'),
(1617, 'Manaus', 'BR', 'Amazonas'),
(1618, 'Manchester', 'GB', 'Greater Manchester'),
(1619, 'Manchester', 'USA', 'New Hampshire'),
(1620, 'Mandalay', 'MYA', 'Mandalay'),
(1621, 'Mangangue', 'CO', 'Bolivar'),
(1622, 'Manila', 'RP', 'Philippines'),
(1623, 'Manisa', 'TR', 'Manisa'),
(1624, 'Manizales', 'CO', 'Caldas'),
(1625, 'Mannheim', 'D', 'Baden Wurttemberg'),
(1626, 'Mansa', 'Z', 'Luapula'),
(1627, 'Mansfield', 'GB', 'Nottinghamshire'),
(1628, 'Manzanillo', 'C', 'Granma'),
(1629, 'Manzhouli', 'TJ', 'Nei Monggol'),
(1630, 'Maoming', 'TJ', 'Guangdong'),
(1631, 'Maputo', 'MOC', 'Maputo (munic.)'),
(1632, 'Mar del Plata', 'RA', 'Buenos Aires'),
(1633, 'Maraba', 'BR', 'Para'),
(1634, 'Maracaibo', 'YV', 'Zulia'),
(1635, 'Maracanau', 'BR', 'Ceara'),
(1636, 'Maracay', 'YV', 'Aragua'),
(1637, 'Maragheh', 'IR', 'Azarbayian e Gharbt'),
(1638, 'Mardan', 'PK', 'Pakistan'),
(1639, 'Mardin', 'TR', 'Mardin'),
(1640, 'Marghilon', 'UZB', 'Farghona'),
(1641, 'Mariehamn', 'SF', 'Aland'),
(1642, 'Mariestad', 'S', 'Skaraborg'),
(1643, 'Marigot', 'SMAR', 'Saint Martin'),
(1644, 'Marilia', 'BR', 'Sao Paulo'),
(1645, 'Maringa', 'BR', 'Parana'),
(1646, 'Mariupol', 'UA', 'Donetska'),
(1647, 'Markham', 'CDN', 'Ontario'),
(1648, 'Maroua', 'CAM', 'Nord extreme'),
(1649, 'Marrakech', 'MA', 'Morocco'),
(1650, 'Marsa Matruh', 'ET', 'Matruh'),
(1651, 'Marseille', 'F', 'Provence Cote dAzur'),
(1652, 'Mary', 'TM', 'Mary'),
(1653, 'Masan', 'ROK', 'South Korea'),
(1654, 'Masaya', 'NIC', 'Nicaragua'),
(1655, 'Maseru', 'LS', 'Lesotho'),
(1656, 'Mashhad', 'IR', 'Khorasan'),
(1657, 'Masjed e Soleyman', 'IR', 'Khuzestan'),
(1658, 'Mata-Utu', 'WAFU', 'Wallis and Futuna'),
(1659, 'Matadi', 'ZRE', 'Bas Zaire'),
(1660, 'Matala', 'MOC', 'Maputo'),
(1661, 'Matamoros', 'MEX', 'Tamaulipas'),
(1662, 'Matanzas', 'C', 'Matanzas'),
(1663, 'Mataro', 'E', 'Catalonia'),
(1664, 'Matlock', 'GB', 'Derbyshire'),
(1665, 'Matsue', 'J', 'Shimane'),
(1666, 'Matsuyama', 'J', 'Ehime'),
(1667, 'Maturin', 'YV', 'Monagas'),
(1668, 'Maua', 'BR', 'Sao Paulo'),
(1669, 'Maykop', 'R', 'Rep. of Adygeya'),
(1670, 'Mazatlan', 'MEX', 'Sinaloa'),
(1671, 'Mbabane', 'SD', 'Swaziland'),
(1672, 'Mbandaka', 'ZRE', 'Equateur'),
(1673, 'Mbanza Congo', 'ANG', 'Zaire'),
(1674, 'Mbeya', 'EAT', 'Mbeya'),
(1675, 'Mbuji Mayi', 'ZRE', 'Kasai Oriental'),
(1676, 'McAllen', 'USA', 'Texas'),
(1677, 'Medan', 'RI', 'Indonesia'),
(1678, 'Medellin', 'CO', 'Antioquia'),
(1679, 'Meerut', 'IND', 'Uttar Pradesh'),
(1680, 'Mehrshahr', 'IR', 'Tehran'),
(1681, 'Meihekou', 'TJ', 'Jilin'),
(1682, 'Meixian', 'TJ', 'Guangdong'),
(1683, 'Mejicanos', 'ES', 'El Salvador'),
(1684, 'Mekele', 'ETH', 'Ethiopia'),
(1685, 'Meknes', 'MA', 'Morocco'),
(1686, 'Melaka', 'MAL', 'Melaka'),
(1687, 'Melbourne', 'AUS', 'Victoria'),
(1688, 'Melekeok', 'PAL', 'Palau'),
(1689, 'Memphis', 'USA', 'Tennessee'),
(1690, 'Mendoza', 'RA', 'Mendoza'),
(1691, 'Menongue', 'ANG', 'Cuando Cubango'),
(1692, 'Merida', 'E', 'Estremadura'),
(1693, 'Merida', 'MEX', 'Yucatan'),
(1694, 'Merida', 'YV', 'Merida'),
(1695, 'Mersin', 'TR', 'Icel'),
(1696, 'Merthyr Tydfil', 'GB', 'Merthyr Tydfil'),
(1697, 'Meru', 'EAK', 'Eastern'),
(1698, 'Mesa', 'USA', 'Arizona'),
(1699, 'Mesquite', 'USA', 'Texas'),
(1700, 'Messina', 'I', 'Sicilia'),
(1701, 'Metz', 'F', 'Lorraine'),
(1702, 'Mexicali', 'MEX', 'Baja California'),
(1703, 'Mexico City', 'MEX', 'Distrito Federal'),
(1704, 'Mezhdurechensk', 'R', 'Kemerovskaya oblast'),
(1705, 'Miami', 'USA', 'Florida'),
(1706, 'Mianyang', 'TJ', 'Sichuan'),
(1707, 'Miass', 'R', 'Chelyabinskaya oblast'),
(1708, 'Michurinsk', 'R', 'Tambovskaya oblast'),
(1709, 'Middelburg', 'NL', 'Zeeland'),
(1710, 'Middlesbrough', 'GB', 'Cleveland'),
(1711, 'Miercurea Ciuc', 'RO', 'Harghita'),
(1712, 'Mikkeli', 'SF', 'Mikkeli'),
(1713, 'Milan', 'I', 'Lombardia'),
(1714, 'Milton Keynes', 'GB', 'Buckinghamshire'),
(1715, 'Milwaukee', 'USA', 'Wisconsin'),
(1716, 'Minatitlan', 'MEX', 'Veracruz'),
(1717, 'Minna', 'WAN', 'Nigeria'),
(1718, 'Minneapolis', 'USA', 'Minnesota'),
(1719, 'Minsk', 'BY', 'Belarus'),
(1720, 'Mirpur Khas', 'PK', 'Pakistan'),
(1721, 'Mishan', 'TJ', 'Heilongjiang'),
(1722, 'Miskolc', 'H', 'Miskolc (munic.)'),
(1723, 'Mississauga', 'CDN', 'Ontario'),
(1724, 'Mito', 'J', 'Ibaraki'),
(1725, 'Mitu', 'CO', 'Vaupes'),
(1726, 'Mixco', 'GCA', 'Guatemala'),
(1727, 'Miyazaki', 'J', 'Miyazaki'),
(1728, 'Mkokotoni', 'EAT', 'Kaskazini Ujunga'),
(1729, 'Mmabatho', 'RSA', 'North West'),
(1730, 'Mobile', 'USA', 'Alabama'),
(1731, 'Mocoa', 'CO', 'Putumayo'),
(1732, 'Modena', 'I', 'Emilia Romagna'),
(1733, 'Modesto', 'USA', 'California'),
(1734, 'Moers', 'D', 'Nordrhein Westfalen'),
(1735, 'Mogadishu', 'SP', 'Somalia'),
(1736, 'Moji das Cruzes', 'BR', 'Sao Paulo'),
(1737, 'Moji Guacu', 'BR', 'Sao Paulo'),
(1738, 'Mokpo', 'ROK', 'South Korea'),
(1739, 'Mold', 'GB', 'Flintshire'),
(1740, 'Molde', 'N', 'Moere og Romsdal'),
(1741, 'Mombasa', 'EAK', 'Coast'),
(1742, 'Monaco', 'MC', 'Monaco'),
(1743, 'Monchengladbach', 'D', 'Nordrhein Westfalen'),
(1744, 'Monclova', 'MEX', 'Coahuila'),
(1745, 'Mongu', 'Z', 'Western'),
(1746, 'Monrovia', 'LB', 'Liberia'),
(1747, 'Mons', 'B', 'Hainaut'),
(1748, 'Monteria', 'CO', 'Cordoba'),
(1749, 'Monterrey', 'MEX', 'Nuevo Leon'),
(1750, 'Montes Claros', 'BR', 'Minas Gerais'),
(1751, 'Montevideo', 'ROU', 'Uruguay'),
(1752, 'Montgomery', 'USA', 'Alabama'),
(1753, 'Montpelier', 'USA', 'Vermont'),
(1754, 'Montpellier', 'F', 'Languedoc Roussillon'),
(1755, 'Montreal', 'CDN', 'Quebec'),
(1756, 'Monywa', 'MYA', 'Sagaing'),
(1757, 'Monza', 'I', 'Lombardia'),
(1758, 'Moquegua', 'PE', 'Moquegua'),
(1759, 'Moradabad', 'IND', 'Uttar Pradesh'),
(1760, 'Morelia', 'MEX', 'Michoacan'),
(1761, 'Moreno Valley', 'USA', 'California'),
(1762, 'Morioka', 'J', 'Iwate'),
(1763, 'Morogoro', 'EAT', 'Morogoro'),
(1764, 'Moron', 'RA', 'Buenos Aires'),
(1765, 'Moroni', 'COM', 'Comoros'),
(1766, 'Moscow', 'R', 'Moskva'),
(1767, 'Moshi', 'EAT', 'Kilimanjaro'),
(1768, 'Moss', 'N', 'Oestfold'),
(1769, 'Mossoro', 'BR', 'Rio Grande do Norte'),
(1770, 'Mostaganem', 'DZ', 'Algeria'),
(1771, 'Mostoles', 'E', 'Madrid'),
(1772, 'Mosul', 'IRQ', 'Ninawa'),
(1773, 'Moulmein', 'MYA', 'Mon'),
(1774, 'Moyobamba', 'PE', 'San Martin'),
(1775, 'Mtwara Mikandani', 'EAT', 'Mtwara'),
(1776, 'Mudanjiang', 'TJ', 'Heilongjiang'),
(1777, 'Mufulira', 'Z', 'Copperbelt'),
(1778, 'Mugla', 'TR', 'Mugla'),
(1779, 'Mulheim an der Ruhr', 'D', 'Nordrhein Westfalen'),
(1780, 'Mulhouse', 'F', 'Alsace'),
(1781, 'Multan', 'PK', 'Pakistan'),
(1782, 'Mumbai', 'IND', 'Maharashtra'),
(1783, 'Munich', 'D', 'Bayern'),
(1784, 'Munster', 'D', 'Nordrhein Westfalen'),
(1785, 'Murcia', 'E', 'Murcia'),
(1786, 'Murmansk', 'R', 'Murmanskaya oblast'),
(1787, 'Murom', 'R', 'Vladimirskaya oblast'),
(1788, 'Mus', 'TR', 'Mus'),
(1789, 'Muscat', 'OM', 'Oman'),
(1790, 'Mushin', 'WAN', 'Nigeria'),
(1791, 'Musoma', 'EAT', 'Mara'),
(1792, 'Mwanza', 'EAT', 'Mwanza'),
(1793, 'Mwene Ditu', 'ZRE', 'Kasai Oriental'),
(1794, 'Myitkyina', 'MYA', 'Kachin'),
(1795, 'Mykolayiv', 'UA', 'Mykolayivska'),
(1796, 'Mymensingh', 'BD', 'Bangladesh'),
(1797, 'Mysore', 'IND', 'Karnataka'),
(1798, 'Mytilini', 'GR', 'Voreion Aiyaion'),
(1799, 'Mytishchi', 'R', 'Moskovskaya oblast'),
(1800, 'Naberezhnye Chelny', 'R', 'Rep. of Tatarstan'),
(1801, 'Nablus', 'WEST', 'West Bank'),
(1802, 'Nacala', 'MOC', 'Maputo'),
(1803, 'Nacaome', 'HCA', 'Valle'),
(1804, 'Nagano', 'J', 'Nagano'),
(1805, 'Nagasaki', 'J', 'Nagasaki'),
(1806, 'Nagoya', 'J', 'Aichi'),
(1807, 'Nagpur', 'IND', 'Maharashtra'),
(1808, 'Naha', 'J', 'Okinawa'),
(1809, 'Nairobi', 'EAK', 'Nairobi'),
(1810, 'Najafabad', 'IR', 'Esfahan'),
(1811, 'Nakhodka', 'R', 'Primorsky kray'),
(1812, 'Nakhon Ratchasima', 'THA', 'Thailand'),
(1813, 'Nakhon Sawan', 'THA', 'Thailand'),
(1814, 'Nakhon si Thammarat', 'THA', 'Thailand'),
(1815, 'Nakuru', 'EAK', 'Rift Valley'),
(1816, 'Nalchik', 'R', 'Kabardino Balkar Rep.'),
(1817, 'Nam Dinh', 'VN', 'Vietnam'),
(1818, 'Namangan', 'UZB', 'Namangan'),
(1819, 'Namibe', 'ANG', 'Namibe'),
(1820, 'Nampo', 'NOK', 'North Korea'),
(1821, 'Nampula', 'MOC', 'Nampula'),
(1822, 'Namur', 'B', 'Namur'),
(1823, 'Nanchang', 'TJ', 'Jiangxi'),
(1824, 'Nanchong', 'TJ', 'Sichuan'),
(1825, 'Nancy', 'F', 'Lorraine'),
(1826, 'Nanjing', 'TJ', 'Jiangsu'),
(1827, 'Nanning', 'TJ', 'Guangxi Zhuangzu'),
(1828, 'Nanping', 'TJ', 'Fujian'),
(1829, 'Nantes', 'F', 'Pays de la Loire'),
(1830, 'Nantong', 'TJ', 'Jiangsu'),
(1831, 'Nanyang', 'TJ', 'Henan'),
(1832, 'Naogaon', 'BD', 'Bangladesh'),
(1833, 'Naperville', 'USA', 'Illinois'),
(1834, 'Napoli', 'I', 'Campania'),
(1835, 'Nara', 'J', 'Nara'),
(1836, 'Narayanganj', 'BD', 'Bangladesh'),
(1837, 'Narsinghdi', 'BD', 'Bangladesh'),
(1838, 'Narvik', 'N', 'Nordland'),
(1839, 'Nashville', 'USA', 'Tennessee'),
(1840, 'Nashville Davidson', 'USA', 'Tennessee'),
(1841, 'Nasik', 'IND', 'Maharashtra'),
(1842, 'Nassau', 'BS', 'Bahamas'),
(1843, 'Natal', 'BR', 'Rio Grande do Norte'),
(1844, 'Nawabganj', 'BD', 'Bangladesh'),
(1845, 'Nawabshah', 'PK', 'Pakistan'),
(1846, 'Nawoiy', 'UZB', 'Nawoiy'),
(1847, 'Nazareth', 'IL', 'North'),
(1848, 'Nazran', 'R', 'Rep. of Ingushetiya'),
(1849, 'Nazret', 'ETH', 'Ethiopia'),
(1850, 'Ndalatando', 'ANG', 'Cuanza Norte'),
(1851, 'NDjamena', 'TCH', 'Chad'),
(1852, 'Ndola', 'Z', 'Copperbelt'),
(1853, 'Nebitdag', 'TM', 'Balkan'),
(1854, 'Neftekamsk', 'R', 'Stavropolsky kray'),
(1855, 'Neijiang', 'TJ', 'Sichuan'),
(1856, 'Neiva', 'CO', 'Huila'),
(1857, 'Nelspruit', 'RSA', 'Mpumalanga'),
(1858, 'Nepean', 'CDN', 'Ontario'),
(1859, 'Neuchatel', 'CH', 'NE'),
(1860, 'Neuquen', 'RA', 'Neuquen'),
(1861, 'Neuss', 'D', 'Nordrhein Westfalen'),
(1862, 'Nevinnomyssk', 'R', 'Stavropolsky kray'),
(1863, 'Nevsehir', 'TR', 'Nevsehir'),
(1864, 'New Bombay', 'IND', 'Maharashtra'),
(1865, 'New Delhi', 'IND', 'Delhi'),
(1866, 'New Haven', 'USA', 'Connecticut'),
(1867, 'New Orleans', 'USA', 'Louisiana'),
(1868, 'New York', 'USA', 'New York'),
(1869, 'Newark', 'USA', 'New Jersey'),
(1870, 'Newark on Trent', 'GB', 'Nottinghamshire'),
(1871, 'Newbury', 'GB', 'Berkshire'),
(1872, 'Newcastle', 'AUS', 'New South Wales'),
(1873, 'Newcastle under Lyme', 'GB', 'Staffordshire'),
(1874, 'Newcastle upon Tyne', 'GB', 'Tyne and Wear'),
(1875, 'Newport', 'GB', 'Newport'),
(1876, 'Newport News', 'USA', 'Virginia'),
(1877, 'Newtown St. Boswells', 'GB', 'Borders'),
(1878, 'Neyshabur', 'IR', 'Khorasan'),
(1879, 'Nezahualcoyotl', 'MEX', 'Chiapas'),
(1880, 'Ngaoundere', 'CAM', 'Adamaoua'),
(1881, 'Ngiva', 'ANG', 'Cunene'),
(1882, 'Nha Trang', 'VN', 'Vietnam'),
(1883, 'Niamey', 'RN', 'Niger'),
(1884, 'Nice', 'F', 'Provence Cote dAzur'),
(1885, 'Nicosia', 'CY', 'Cyprus'),
(1886, 'Nigde', 'TR', 'Nigde'),
(1887, 'Niigata', 'J', 'Niigata'),
(1888, 'Nijmegen', 'NL', 'Gelderland'),
(1889, 'Nilopolis', 'BR', 'Rio de Janeiro'),
(1890, 'Nimes', 'F', 'Languedoc Roussillon'),
(1891, 'Ningbo', 'TJ', 'Zhejiang'),
(1892, 'Niteroi', 'BR', 'Rio de Janeiro'),
(1893, 'Nizhnekamsk', 'R', 'Rep. of Tatarstan'),
(1894, 'Nizhnevartovsk', 'R', 'Tyumenskaya oblast'),
(1895, 'Nizhniy Novgorod', 'R', 'Nizhegorodskaya oblast'),
(1896, 'Nizhniy Tagil', 'R', 'Sverdlovskaya oblast'),
(1897, 'Noginsk', 'R', 'Moskovskaya oblast'),
(1898, 'Nonthaburi', 'THA', 'Thailand'),
(1899, 'Norfolk', 'USA', 'Virginia'),
(1900, 'Norilsk', 'R', 'Krasnoyarskiy kray'),
(1901, 'Norrkoping', 'S', 'Ostergotland'),
(1902, 'North York', 'CDN', 'Ontario'),
(1903, 'Northallerton', 'GB', 'North Yorkshire'),
(1904, 'Northampton', 'GB', 'Northamptonshire'),
(1905, 'Norwalk', 'USA', 'California'),
(1906, 'Norwich', 'GB', 'Norfolk'),
(1907, 'Nossa Senhora do Socorro', 'BR', 'Sergipe'),
(1908, 'Nottingham', 'GB', 'Nottinghamshire'),
(1909, 'Nouakchott', 'RIM', 'Mauritania'),
(1910, 'Noumea', 'NCA', 'New Caledonia'),
(1911, 'Nova Friburgo', 'BR', 'Rio de Janeiro'),
(1912, 'Novara', 'I', 'Piemonte'),
(1913, 'Novgorod', 'R', 'Novgorodskaya oblast'),
(1914, 'Novo Hamburgo', 'BR', 'Rio Grande do Sul'),
(1915, 'Novo Iguacu', 'BR', 'Rio de Janeiro'),
(1916, 'Novocheboksarsk', 'R', 'Chuvash Republic'),
(1917, 'Novocherkassk', 'R', 'Rostovskaya oblast'),
(1918, 'Novokuybyshevsk', 'R', 'Samarskaya oblast'),
(1919, 'Novokuznetsk', 'R', 'Kemerovskaya oblast'),
(1920, 'Novomoskovsk', 'R', 'Tulskaya oblast'),
(1921, 'Novorossiysk', 'R', 'Krasnodarsky kray'),
(1922, 'Novoshakhtinsk', 'R', 'Rostovskaya oblast'),
(1923, 'Novosibirsk', 'R', 'Novosibirskaya oblast'),
(1924, 'Novotroitsk', 'R', 'Orenburgskaya oblast'),
(1925, 'Nowy Sacz', 'PL', 'Nowosadeckie'),
(1926, 'Nueva Gerona', 'C', 'Isla de la Juventud'),
(1927, 'Nueva San Salvador', 'ES', 'El Salvador'),
(1928, 'Nuevo Laredo', 'MEX', 'Tamaulipas'),
(1929, 'Nukualofa', 'TO', 'Tonga'),
(1930, 'Nukus', 'UZB', 'Qaraqalpoghiston'),
(1931, 'Nuneaton', 'GB', 'Warwickshire'),
(1932, 'Nurnberg', 'D', 'Bayern'),
(1933, 'Nuuk', 'GROX', 'Greenland'),
(1934, 'Nyala', 'SUD', 'Darfur'),
(1935, 'Nyeri', 'EAK', 'Central'),
(1936, 'Nyiregyhaza', 'H', 'Szabolcs Szatmar'),
(1937, 'Nykoping', 'S', 'Sodermanland'),
(1938, 'Oakland', 'USA', 'California'),
(1939, 'Oaxaca', 'MEX', 'Oaxaca'),
(1940, 'Oberhausen', 'D', 'Nordrhein Westfalen'),
(1941, 'Obninsk', 'R', 'Kaluzhskaya oblast'),
(1942, 'Oceanside', 'USA', 'California'),
(1943, 'Ocotepeque', 'HCA', 'Ocotepeque'),
(1944, 'Odense', 'DK', 'Denmark'),
(1945, 'Odesa', 'UA', 'Odeska'),
(1946, 'Odintsovo', 'R', 'Moskovskaya oblast'),
(1947, 'Offa', 'WAN', 'Nigeria'),
(1948, 'Offenbach am Main', 'D', 'Hessen'),
(1949, 'Ogbomosho', 'WAN', 'Nigeria'),
(1950, 'Oita', 'J', 'Oita'),
(1951, 'Oka', 'WAN', 'Nigeria'),
(1952, 'Okara', 'PK', 'Pakistan'),
(1953, 'Okayama', 'J', 'Okayama'),
(1954, 'Okhotsk', 'R', 'Magadanskaya oblast'),
(1955, 'Oklahoma City', 'USA', 'Oklahoma'),
(1956, 'Oktyabrsky', 'R', 'Rep. of Bashkortostan'),
(1957, 'Olanchito', 'HCA', 'Yoro'),
(1958, 'Oldenburg', 'D', 'Niedersachsen'),
(1959, 'Oldham', 'GB', 'Greater Manchester'),
(1960, 'Olinda', 'BR', 'Rio de Janeiro'),
(1961, 'Olmaliq', 'UZB', 'Toshkent'),
(1962, 'Olomouc', 'CZ', 'Severomoravsky'),
(1963, 'Olsztyn', 'PL', 'Olsztynskie'),
(1964, 'Olympia', 'USA', 'Washington'),
(1965, 'Omaha', 'USA', 'Nebraska'),
(1966, 'Omdurman', 'SUD', 'al Khartum'),
(1967, 'Omsk', 'R', 'Omskaya oblast'),
(1968, 'Ondo', 'WAN', 'Nigeria'),
(1969, 'Onitsha', 'WAN', 'Nigeria'),
(1970, 'Ontario', 'USA', 'California'),
(1971, 'Opole', 'PL', 'Opolskie'),
(1972, 'Oradea', 'RO', 'Bihor'),
(1973, 'Oral', 'KAZ', 'Batys Qazaqstan'),
(1974, 'Oran', 'DZ', 'Algeria'),
(1975, 'Orange', 'USA', 'California'),
(1976, 'Oranjestad', 'ARU', 'Aruba'),
(1977, 'Ordu', 'TR', 'Ordu'),
(1978, 'Orebro', 'S', 'Orebro'),
(1979, 'Orekhovo Zuyevo', 'R', 'Moskovskaya oblast'),
(1980, 'Orel', 'R', 'Orjolskaya oblast'),
(1981, 'Orenburg', 'R', 'Orenburgskaya oblast'),
(1982, 'Orense', 'E', 'Galicia'),
(1983, 'Orizaba', 'MEX', 'Veracruz'),
(1984, 'Orlando', 'USA', 'Florida'),
(1985, 'Orleans', 'F', 'Centre'),
(1986, 'Orsk', 'R', 'Orenburgskaya oblast'),
(1987, 'Orumiyeh', 'IR', 'Azarbayian e Gharbt'),
(1988, 'Osaka', 'J', 'Osaka'),
(1989, 'Osasco', 'BR', 'Sao Paulo'),
(1990, 'Oshawa', 'CDN', 'Ontario'),
(1991, 'Oshogbo', 'WAN', 'Nigeria'),
(1992, 'Oskemen', 'KAZ', 'Shyghys Qazaqstan'),
(1993, 'Oslo', 'N', 'Oslo'),
(1994, 'Osmaniye', 'TR', 'Adana'),
(1995, 'Osnabruck', 'D', 'Niedersachsen'),
(1996, 'Ostersund', 'S', 'Jamtland'),
(1997, 'Ostrava', 'CZ', 'Severomoravsky'),
(1998, 'Ostroleka', 'PL', 'Ostroleckie'),
(1999, 'Otsu', 'J', 'Shiga'),
(2000, 'Ottawa', 'CDN', 'Ontario'),
(2001, 'Ouagadougou', 'BF', 'Burkina Faso'),
(2002, 'Oujda', 'MA', 'Morocco'),
(2003, 'Oulu', 'SF', 'Oulu'),
(2004, 'Overland Park', 'USA', 'Kansas'),
(2005, 'Oviedo', 'E', 'Asturias'),
(2006, 'Owo', 'WAN', 'Nigeria'),
(2007, 'Oxford', 'GB', 'Oxfordshire'),
(2008, 'Oxnard', 'USA', 'California'),
(2009, 'Oyo', 'WAN', 'Nigeria'),
(2010, 'Pabna', 'BD', 'Bangladesh'),
(2011, 'Pachuca', 'MEX', 'Hidalgo'),
(2012, 'Pachuca de Soto', 'MEX', 'Hidalgo'),
(2013, 'Padang', 'RI', 'Indonesia'),
(2014, 'Paderborn', 'D', 'Nordrhein Westfalen'),
(2015, 'Padova', 'I', 'Veneto'),
(2016, 'Pago Pago', 'AMSA', 'American Samoa'),
(2017, 'Palangkaraya', 'RI', 'Indonesia'),
(2018, 'Palembang', 'RI', 'Indonesia'),
(2019, 'Palermo', 'I', 'Sicilia'),
(2020, 'Palikir', 'FSM', 'Micronesia'),
(2021, 'Palma de Mallorca', 'E', 'Balearic Islands'),
(2022, 'Palmas', 'BR', 'Tocantins'),
(2023, 'Palmdale', 'USA', 'California'),
(2024, 'Palmira', 'CO', 'Valle de Cauca'),
(2025, 'Pamplona', 'E', 'Navarre'),
(2026, 'Panaji', 'IND', 'Goa'),
(2027, 'Panama City', 'PA', 'Panama'),
(2028, 'Panchiao', 'RC', 'Taiwan'),
(2029, 'Pangkal Pinang', 'RI', 'Indonesia'),
(2030, 'Panshan', 'TJ', 'Liaoning'),
(2031, 'Papeete', 'FPOL', 'French Polynesia'),
(2032, 'Paramaribo', 'SME', 'Suriname'),
(2033, 'Parana', 'RA', 'Entre Rios'),
(2034, 'Paranagua', 'BR', 'Parana'),
(2035, 'Pardubice', 'CZ', 'Vychodocesky'),
(2036, 'Pare Pare', 'RI', 'Indonesia'),
(2037, 'Paris', 'F', 'Ile de France'),
(2038, 'Parma', 'I', 'Emilia Romagna'),
(2039, 'Parnaiba', 'BR', 'Maranhao'),
(2040, 'Pasadena', 'USA', 'California'),
(2041, 'Pasadena', 'USA', 'Texas'),
(2042, 'Pasay', 'RP', 'Philippines'),
(2043, 'Pasig', 'RP', 'Philippines'),
(2044, 'Passo Fundo', 'BR', 'Rio Grande do Sul'),
(2045, 'Pasto', 'CO', 'Narino'),
(2046, 'Pasuruan', 'RI', 'Indonesia'),
(2047, 'Paterson', 'USA', 'New Jersey'),
(2048, 'Pathein', 'MYA', 'Ayeyarwady'),
(2049, 'Patna', 'IND', 'Bihar'),
(2050, 'Patos de Minas', 'BR', 'Minas Gerais'),
(2051, 'Patrai', 'GR', 'Dhytiki Ellas'),
(2052, 'Paulista', 'BR', 'Pernambuco'),
(2053, 'Pavlodar', 'KAZ', 'Pavlodar'),
(2054, 'Pecs', 'H', 'Pecs (munic.)'),
(2055, 'Pekalongan', 'RI', 'Indonesia'),
(2056, 'Pekan Baru', 'RI', 'Indonesia'),
(2057, 'Pelotas', 'BR', 'Rio Grande do Sul'),
(2058, 'Pematang Siantar', 'RI', 'Indonesia'),
(2059, 'Pemba', 'MOC', 'Cabo Delgado'),
(2060, 'Pembroke Pines', 'USA', 'Florida'),
(2061, 'Penang', 'MAL', 'Pulau Pinang'),
(2062, 'Penonome', 'PA', 'Cocle'),
(2063, 'Penza', 'R', 'Penzenskaya oblast'),
(2064, 'Peoria', 'USA', 'Illinois'),
(2065, 'Pereira', 'CO', 'Risaralda'),
(2066, 'Perm', 'R', 'Permskaya oblast'),
(2067, 'Perpignan', 'F', 'Languedoc Roussillon'),
(2068, 'Perth', 'AUS', 'Western Australia'),
(2069, 'Perugia', 'I', 'Umbria'),
(2070, 'Pervouralsk', 'R', 'Sverdlovskaya oblast'),
(2071, 'Pescara', 'I', 'Abruzzo'),
(2072, 'Peshawar', 'PK', 'Pakistan'),
(2073, 'Petaling Jaya', 'MAL', 'Fed. Terr. of Kuala Lumpur'),
(2074, 'Petare', 'YV', 'Miranda'),
(2075, 'Peterborough', 'GB', 'Cambridgeshire'),
(2076, 'Petrolina', 'BR', 'Pernambuco'),
(2077, 'Petropavl', 'KAZ', 'Soltustik Qazaqstan'),
(2078, 'Petropavlovsk Kamchatsky', 'R', 'Kamchatskaya oblast'),
(2079, 'Petropolis', 'BR', 'Rio de Janeiro'),
(2080, 'Petrozavodsk', 'R', 'Rep. of Karelia'),
(2081, 'Pforzheim', 'D', 'Baden Wurttemberg'),
(2082, 'Philadelphia', 'USA', 'Pennsylvania'),
(2083, 'Phnom Penh', 'K', 'Cambodia'),
(2084, 'Phoenix', 'USA', 'Arizona'),
(2085, 'Piacenza', 'I', 'Emilia Romagna'),
(2086, 'Piatra Neamt', 'RO', 'Neamt'),
(2087, 'Pierre', 'USA', 'South Dakota'),
(2088, 'Pietermaritzburg', 'RSA', 'Kwazulu Natal'),
(2089, 'Pietersburg', 'RSA', 'Limpopo'),
(2090, 'Pila', 'PL', 'Pilskie'),
(2091, 'Pimpri Chinchwad', 'IND', 'Maharashtra'),
(2092, 'Pinar del Rio', 'C', 'Pinar del Rio'),
(2093, 'Pindamonhangaba', 'BR', 'Sao Paulo'),
(2094, 'Pingdingshan', 'TJ', 'Henan'),
(2095, 'Pingdu', 'TJ', 'Shandong'),
(2096, 'Pingtung', 'RC', 'Taiwan'),
(2097, 'Pingxiang', 'TJ', 'Jiangxi'),
(2098, 'Piotrkow Trybunalski', 'PL', 'Piotrkowskie'),
(2099, 'Piracicaba', 'BR', 'Sao Paulo'),
(2100, 'Piraeus', 'GR', 'Attiki'),
(2101, 'Pisa', 'I', 'Toscana'),
(2102, 'Pitesti', 'RO', 'Arges'),
(2103, 'Pittsburgh', 'USA', 'Pennsylvania'),
(2104, 'Piura', 'PE', 'Piura'),
(2105, 'Plano', 'USA', 'Texas'),
(2106, 'Plock', 'PL', 'Plockie'),
(2107, 'Ploiesti', 'RO', 'Prahova'),
(2108, 'Plymouth', 'GB', 'Devon'),
(2109, 'Plymouth', 'MNTS', 'Montserrat'),
(2110, 'Plzen', 'CZ', 'Zapadocesky'),
(2111, 'Pocos de Caldas', 'BR', 'Minas Gerais'),
(2112, 'Podgorica', 'MNE', 'Montenegro'),
(2113, 'Podolsk', 'R', 'Moskovskaya oblast'),
(2114, 'Poitiers', 'F', 'Poitou Charentes'),
(2115, 'Poltava', 'UA', 'Poltavska'),
(2116, 'Pomona', 'USA', 'California'),
(2117, 'Pondicherry', 'IND', 'Pondicherry'),
(2118, 'Ponta Delgada', 'P', 'Azores'),
(2119, 'Ponta Grossa', 'BR', 'Parana'),
(2120, 'Pontianak', 'RI', 'Indonesia'),
(2121, 'Pontypool', 'GB', 'Torfaen'),
(2122, 'Poole', 'GB', 'Dorset'),
(2123, 'Popayan', 'CO', 'Cauca'),
(2124, 'Pori', 'SF', 'Turku-Pori'),
(2125, 'Port Blair', 'IND', 'Andaman and Nicobar Is.'),
(2126, 'Port Elizabeth', 'RSA', 'Eastern Cape'),
(2127, 'Port Harcourt', 'WAN', 'Nigeria'),
(2128, 'Port Louis', 'MS', 'Mauritius'),
(2129, 'Port Moresby', 'PNG', 'Papua New Guinea'),
(2130, 'Port Sudan', 'SUD', 'ash Sharqiyah'),
(2131, 'Port Talbot', 'GB', 'Neath and Port Talbot'),
(2132, 'Port-au-Prince', 'RH', 'Haiti'),
(2133, 'Port-of-Spain', 'TT', 'Trinidad and Tobago'),
(2134, 'Port-Vila', 'VU', 'Vanuatu'),
(2135, 'Portalegre', 'P', 'Portalegre'),
(2136, 'Portland', 'USA', 'Oregon'),
(2137, 'Porto', 'P', 'Porto'),
(2138, 'Porto Alegre', 'BR', 'Rio Grande do Sul'),
(2139, 'Porto Velho', 'BR', 'Rondonia'),
(2140, 'Porto-Novo', 'BEN', 'Benin'),
(2141, 'Portsmouth', 'GB', 'Hampshire'),
(2142, 'Portsmouth', 'USA', 'Virginia'),
(2143, 'Posadas', 'RA', 'Misiones'),
(2144, 'Potenza', 'I', 'Basilicata'),
(2145, 'Potsdam', 'D', 'Brandenburg'),
(2146, 'Poza Rica', 'MEX', 'Veracruz'),
(2147, 'Poznan', 'PL', 'Poznanskie'),
(2148, 'Prague', 'CZ', 'Praha'),
(2149, 'Praia', 'CV', 'Cape Verde'),
(2150, 'Praia Grande', 'BR', 'Santa Catarina'),
(2151, 'Prato', 'I', 'Toscana'),
(2152, 'Presidente Prudente', 'BR', 'Sao Paulo'),
(2153, 'Preston', 'GB', 'Lancashire'),
(2154, 'Pretoria', 'RSA', 'Gauteng'),
(2155, 'Pristina', 'KOS', 'Kosovo'),
(2156, 'Probolinggo', 'RI', 'Indonesia'),
(2157, 'Prokopyevsk', 'R', 'Kemerovskaya oblast'),
(2158, 'Providence', 'USA', 'Rhode Island'),
(2159, 'Przemysl', 'PL', 'Przemyskie'),
(2160, 'Pskov', 'R', 'Pskovskaya oblast'),
(2161, 'Pucallpa', 'PE', 'Ucayali'),
(2162, 'Puebla', 'MEX', 'Puebla'),
(2163, 'Puerto Ayacucho', 'YV', 'Amazonas'),
(2164, 'Puerto Cabello', 'YV', 'Carabobo'),
(2165, 'Puerto Carreno', 'CO', 'Vichada'),
(2166, 'Puerto Cortes', 'HCA', 'Cortes'),
(2167, 'Puerto Inirida', 'CO', 'Guainia'),
(2168, 'Puerto La Cruz', 'YV', 'Anzoategui'),
(2169, 'Puerto Lempira', 'HCA', 'Gracias a Dios'),
(2170, 'Puerto Maldonado', 'PE', 'Madre de Dios'),
(2171, 'Pune', 'IND', 'Maharashtra'),
(2172, 'Puno', 'PE', 'Puno'),
(2173, 'Puntarenas', 'CR', 'Puntarenas'),
(2174, 'Puqi', 'TJ', 'Hubei'),
(2175, 'Pusan', 'ROK', 'South Korea'),
(2176, 'Puyang', 'TJ', 'Henan'),
(2177, 'Pyatigorsk', 'R', 'Stavropolsky kray'),
(2178, 'Pyongyang', 'NOK', 'North Korea'),
(2179, 'Qaemshahr', 'IR', 'Mazandaran'),
(2180, 'Qarshi', 'UZB', 'Qasqadare'),
(2181, 'Qazvin', 'IR', 'Tehran'),
(2182, 'Qena', 'ET', 'Qena'),
(2183, 'Qianjiang', 'TJ', 'Sichuan'),
(2184, 'Qingdao', 'TJ', 'Shandong'),
(2185, 'Qinhuangdao', 'TJ', 'Hebei'),
(2186, 'Qinzhou', 'TJ', 'Guangxi Zhuangzu'),
(2187, 'Qiqihar', 'TJ', 'Heilongjiang'),
(2188, 'Qitaihe', 'TJ', 'Heilongjiang'),
(2189, 'Qom', 'IR', 'Tehran'),
(2190, 'Qostanay', 'KAZ', 'Qostanay'),
(2191, 'Quanzhou', 'TJ', 'Fujian'),
(2192, 'Quebec', 'CDN', 'Quebec'),
(2193, 'Queimados', 'BR', 'Rio de Janeiro'),
(2194, 'Quelimane', 'MOC', 'Zambezia'),
(2195, 'Queretaro', 'MEX', 'Queretaro'),
(2196, 'Quetta', 'PK', 'Pakistan'),
(2197, 'Quezon', 'RP', 'Philippines'),
(2198, 'Qui Nhon', 'VN', 'Vietnam'),
(2199, 'Quibdo', 'CO', 'Choco'),
(2200, 'Quilmes', 'RA', 'Buenos Aires'),
(2201, 'Quito', 'EC', 'Ecuador'),
(2202, 'Qujing', 'TJ', 'Yunnan'),
(2203, 'Quqon', 'UZB', 'Farghona'),
(2204, 'Qurghonteppa', 'TAD', 'Khatlon'),
(2205, 'Quzhou', 'TJ', 'Hebei'),
(2206, 'Qyzylorda', 'KAZ', 'Qyzylorda'),
(2207, 'Rabat', 'MA', 'Morocco'),
(2208, 'Radom', 'PL', 'Radomskie'),
(2209, 'Rahim Yar Khan', 'PK', 'Pakistan'),
(2210, 'Raipur', 'IND', 'Madhya Pradesh'),
(2211, 'Rajahmundry', 'IND', 'Andhra Pradesh'),
(2212, 'Rajaishahr', 'IR', 'Tehran'),
(2213, 'Rajkot', 'IND', 'Gujarat'),
(2214, 'Rajshahi', 'BD', 'Bangladesh'),
(2215, 'Raleigh', 'USA', 'North Carolina'),
(2216, 'Ramla', 'IL', 'Central'),
(2217, 'Ranchi', 'IND', 'Bihar'),
(2218, 'Rancho Cucamonga', 'USA', 'California'),
(2219, 'Randers', 'DK', 'Denmark'),
(2220, 'Rangoon', 'MYA', 'Yangon'),
(2221, 'Rangpur', 'BD', 'Bangladesh'),
(2222, 'Rasht', 'IR', 'Gilan'),
(2223, 'Ravenna', 'I', 'Emilia Romagna'),
(2224, 'Rawalpindi', 'PK', 'Pakistan'),
(2225, 'Rawson', 'RA', 'Chubut'),
(2226, 'Rayyan', 'Q', 'Qatar'),
(2227, 'Reading', 'GB', 'Berkshire'),
(2228, 'Recife', 'BR', 'Pernambuco'),
(2229, 'Recklinghausen', 'D', 'Nordrhein Westfalen'),
(2230, 'Regensburg', 'D', 'Bayern'),
(2231, 'Reggio di Calabria', 'I', 'Calabria'),
(2232, 'Reggio nellEmilia', 'I', 'Emilia Romagna'),
(2233, 'Regina', 'CDN', 'Saskatchewan'),
(2234, 'Reigate', 'GB', 'Surrey'),
(2235, 'Reims', 'F', 'Champagne Ardenne'),
(2236, 'Remscheid', 'D', 'Nordrhein Westfalen'),
(2237, 'Renfrew', 'GB', 'Strathclyde'),
(2238, 'Rennes', 'F', 'Bretagne'),
(2239, 'Reno', 'USA', 'Nevada'),
(2240, 'Renqiu', 'TJ', 'Hebei'),
(2241, 'Resistencia', 'RA', 'Chaco'),
(2242, 'Resita', 'RO', 'Caras Severin'),
(2243, 'Reutlingen', 'D', 'Baden Wurttemberg'),
(2244, 'Reykjavik', 'IS', 'Iceland'),
(2245, 'Reynosa', 'MEX', 'Tamaulipas'),
(2246, 'Rhondda', 'GB', 'Rhondda Cynon Taff'),
(2247, 'Rhymney Valley', 'GB', 'Vale of Glamorgan'),
(2248, 'Ribeirao das Neves', 'BR', 'Minas Gerais'),
(2249, 'Ribeirao Pires', 'BR', 'Sao Paulo'),
(2250, 'Ribeirao Preto', 'BR', 'Sao Paulo'),
(2251, 'Richmond', 'CDN', 'Quebec'),
(2252, 'Richmond', 'USA', 'Virginia'),
(2253, 'Riga', 'LV', 'Latvia'),
(2254, 'Rimini', 'I', 'Emilia Romagna'),
(2255, 'Rimnicu Vilcea', 'RO', 'Vilcea'),
(2256, 'Rio Branco', 'BR', 'Acre'),
(2257, 'Rio Claro', 'BR', 'Sao Paulo'),
(2258, 'Rio Cuarto', 'RA', 'Cordoba'),
(2259, 'Rio de Janeiro', 'BR', 'Rio de Janeiro'),
(2260, 'Rio Gallegos', 'RA', 'Santa Cruz'),
(2261, 'Rio Grande', 'BR', 'Rio Grande do Sul'),
(2262, 'Rio Verde', 'BR', 'Goias'),
(2263, 'Riohacha', 'CO', 'Guajira, La'),
(2264, 'Riverside', 'USA', 'California'),
(2265, 'Rivne', 'UA', 'Rivnenska'),
(2266, 'Riyadh', 'SA', 'Saudi Arabia'),
(2267, 'Rize', 'TR', 'Rize'),
(2268, 'Rizhao', 'TJ', 'Shandong'),
(2269, 'Road Town', 'BVIR', 'British Virgin Islands'),
(2270, 'Roatan', 'HCA', 'Islas de la Bahia'),
(2271, 'Rochdale', 'GB', 'Greater Manchester'),
(2272, 'Rochester', 'USA', 'New York'),
(2273, 'Rochester upon Medway', 'GB', 'Kent'),
(2274, 'Rockford', 'USA', 'Illinois'),
(2275, 'Rome', 'I', 'Lazio'),
(2276, 'Rondonopolis', 'BR', 'Mato Grosso'),
(2277, 'Rosario', 'RA', 'Santa Fe'),
(2278, 'Roseau', 'WD', 'Dominica'),
(2279, 'Rostock', 'D', 'Mecklenburg Vorpommern'),
(2280, 'Rostov na Donu', 'R', 'Rostovskaya oblast'),
(2281, 'Rostov no Donu', 'R', 'Rostovskaya oblast'),
(2282, 'Rotherham', 'GB', 'South Yorkshire'),
(2283, 'Rotterdam', 'NL', 'Zuid Holland'),
(2284, 'Rouen', 'F', 'Haute Normandie'),
(2285, 'Rovaniemi', 'SF', 'Lappia'),
(2286, 'Rubtsovsk', 'R', 'Altayskiy kray'),
(2287, 'Ruda Slaska', 'PL', 'Katowickie'),
(2288, 'Rudny', 'KAZ', 'Qostanay'),
(2289, 'Ruian', 'TJ', 'Zhejiang'),
(2290, 'Ruthin', 'GB', 'Denbighshire'),
(2291, 'Ryazan', 'R', 'Ryazanskaya oblast'),
(2292, 'Rybinsk', 'R', 'Yaroslavskaya oblast'),
(2293, 'Rybnik', 'PL', 'Katowickie'),
(2294, 'Rzeszow', 'PL', 'Rzeszowskie'),
(2295, 's Gravenhage', 'NL', 'Zuid Holland'),
(2296, 's Hertogenbosch', 'NL', 'Noord Brabant'),
(2297, 'Saarbrucken', 'D', 'Saarland'),
(2298, 'Sabadell', 'E', 'Catalonia'),
(2299, 'Sabara', 'BR', 'Minas Gerais'),
(2300, 'Sabzevar', 'IR', 'Khorasan'),
(2301, 'Sacramento', 'USA', 'California'),
(2302, 'Safi', 'MA', 'Morocco'),
(2303, 'Saga', 'J', 'Saga'),
(2304, 'Sagaing', 'MYA', 'Sagaing'),
(2305, 'Saharanpur', 'IND', 'Uttar Pradesh'),
(2306, 'Sahiwal', 'PK', 'Pakistan'),
(2307, 'Saidpur', 'BD', 'Bangladesh'),
(2308, 'Saigon', 'VN', 'Vietnam'),
(2309, 'Saint Albans', 'GB', 'Hertfordshire'),
(2310, 'Saint Catharines', 'CDN', 'Ontario'),
(2311, 'Saint Etienne', 'F', 'Rhone Alpes'),
(2312, 'Saint Georges', 'WG', 'Grenada'),
(2313, 'Saint Helens', 'GB', 'Merseyside'),
(2314, 'Saint Helier', 'GBJ', 'Jersey'),
(2315, 'Saint Johns', 'AG', 'Antigua and Barbuda'),
(2316, 'Saint Johns', 'CDN', 'Newfoundland'),
(2317, 'Saint Louis', 'SN', 'Saint Louis'),
(2318, 'Saint Peter Port', 'GBG', 'Guernsey'),
(2319, 'Saint-Denis', 'REUN', 'Reunion'),
(2320, 'Saint-Pierre', 'SPMI', 'Saint Pierre and Miquelon'),
(2321, 'Saipan', 'NMIS', 'Northern Mariana Islands'),
(2322, 'Sakarya', 'TR', 'Sakarya'),
(2323, 'Salamanca', 'E', 'Castile and Leon'),
(2324, 'Salamanca', 'MEX', 'Guanajuato'),
(2325, 'Salavat', 'R', 'Rep. of Bashkortostan'),
(2326, 'Salem', 'IND', 'Tamil Nadu'),
(2327, 'Salem', 'USA', 'Oregon'),
(2328, 'Salerno', 'I', 'Campania'),
(2329, 'Salford', 'GB', 'Greater Manchester'),
(2330, 'Salgotarjan', 'H', 'Nograd'),
(2331, 'Salinas', 'USA', 'California'),
(2332, 'Salisbury', 'GB', 'Wiltshire'),
(2333, 'Salt Lake City', 'USA', 'Utah'),
(2334, 'Salta', 'RA', 'Salta'),
(2335, 'Saltillo', 'MEX', 'Coahuila'),
(2336, 'Salvador', 'BR', 'Bahia'),
(2337, 'Salzburg', 'A', 'Salzburg'),
(2338, 'Salzgitter', 'D', 'Niedersachsen'),
(2339, 'Samara', 'R', 'Samarskaya oblast'),
(2340, 'Samarinda', 'RI', 'Indonesia'),
(2341, 'Samarqand', 'UZB', 'Samarqand'),
(2342, 'Samarra', 'IRQ', 'Salah ad Din'),
(2343, 'Samsun', 'TR', 'Samsun'),
(2344, 'San Andres', 'CO', 'San Andres y Providencia'),
(2345, 'San Antonio', 'USA', 'Texas'),
(2346, 'San Bernardino', 'USA', 'California'),
(2347, 'San Carlos', 'YV', 'Cojedes'),
(2348, 'San Cristobal', 'YV', 'Tachira'),
(2349, 'San Diego', 'USA', 'California'),
(2350, 'San Felipe', 'YV', 'Yaracuy'),
(2351, 'San Fernando', 'YV', 'Apure'),
(2352, 'San Fernando del Valle de Catamarca', 'RA', 'Catamarca'),
(2353, 'San Francisco', 'USA', 'California'),
(2354, 'San Isidro', 'RA', 'Buenos Aires'),
(2355, 'San Jose', 'CR', 'San Jose'),
(2356, 'San Jose', 'USA', 'California'),
(2357, 'San Jose del Guaviare', 'CO', 'Guaviare'),
(2358, 'San Juan', 'PR', 'Puerto Rico'),
(2359, 'San Juan', 'RA', 'San Juan'),
(2360, 'San Juan', 'YV', 'Guarico'),
(2361, 'San Luis', 'RA', 'San Luis'),
(2362, 'San Luis Potosi', 'MEX', 'San Luis Potosi'),
(2363, 'San Marino', 'RSM', 'San Marino'),
(2364, 'San Miguel de Tucuman', 'RA', 'Tucuman'),
(2365, 'San Miguelito', 'PA', 'Panama'),
(2366, 'San Nicolas de los Arroyos', 'RA', 'Buenos Aires'),
(2367, 'San Nicolas de los Garza', 'MEX', 'Nuevo Leon'),
(2368, 'San Pedro Garza Garcia', 'MEX', 'Nuevo Leon'),
(2369, 'San Pedro Sula', 'HCA', 'Cortes'),
(2370, 'San Salvador', 'ES', 'El Salvador'),
(2371, 'San Salvador de Jujuy', 'RA', 'Jujuy'),
(2372, 'Sanaa', 'YE', 'Yemen'),
(2373, 'Sanandaj', 'IR', 'Kordestan'),
(2374, 'Sanchuung', 'RC', 'Taiwan'),
(2375, 'Sancti Spiritus', 'C', 'Sancti Spiritus'),
(2376, 'Sandakan', 'MAL', 'Sabah'),
(2377, 'Sandwell', 'GB', 'West Midlands'),
(2378, 'Sankt Gallen', 'CH', 'SG'),
(2379, 'Sankt Peterburg', 'R', 'Sankt Peterburg'),
(2380, 'Sanmenxia', 'TJ', 'Henan'),
(2381, 'Sanming', 'TJ', 'Fujian'),
(2382, 'Santa Ana', 'ES', 'El Salvador'),
(2383, 'Santa Ana', 'USA', 'California'),
(2384, 'Santa Barbara', 'HCA', 'Santa Barbara'),
(2385, 'Santa Barbara dOeste', 'BR', 'Sao Paulo'),
(2386, 'Santa Clara', 'C', 'Villa Clara'),
(2387, 'Santa Clarita', 'USA', 'California'),
(2388, 'Santa Coloma de Gramanet', 'E', 'Catalonia'),
(2389, 'Santa Cruz de Tenerife', 'E', 'Canary Islands'),
(2390, 'Santa Cruz do Sul', 'BR', 'Rio Grande do Sul'),
(2391, 'Santa Fe', 'RA', 'Santa Fe'),
(2392, 'Santa Fe', 'USA', 'New Mexico'),
(2393, 'Santa Luzia', 'BR', 'Paraiba'),
(2394, 'Santa Maria', 'BR', 'Rio Grande do Sul'),
(2395, 'Santa Marta', 'CO', 'Magdalena'),
(2396, 'Santa Rita', 'BR', 'Paraiba'),
(2397, 'Santa Rosa', 'RA', 'La Pampa'),
(2398, 'Santa Rosa', 'USA', 'California'),
(2399, 'Santa Rosa de Copan', 'HCA', 'Copan'),
(2400, 'Santander', 'E', 'Cantabria'),
(2401, 'Santarem', 'BR', 'Para'),
(2402, 'Santarem', 'P', 'Santarem'),
(2403, 'Santiago', 'PA', 'Veraguas'),
(2404, 'Santiago', 'RCH', 'Chile'),
(2405, 'Santiago de Compostella', 'E', 'Galicia'),
(2406, 'Santiago de Cuba', 'C', 'Santiago de Cuba'),
(2407, 'Santiago del Estero', 'RA', 'Santiago de Estero'),
(2408, 'Santiago del Estero La Banda', 'RA', 'Santiago de Estero'),
(2409, 'Santo Andre', 'BR', 'Sao Paulo'),
(2410, 'Santo Domingo', 'DOM', 'Dominican Republic'),
(2411, 'Santos', 'BR', 'Sao Paulo'),
(2412, 'Sanya', 'TJ', 'Hainan'),
(2413, 'Sao Bernardo do Campo', 'BR', 'Sao Paulo'),
(2414, 'Sao Caetano do Sul', 'BR', 'Sao Paulo'),
(2415, 'Sao Carlos', 'BR', 'Sao Paulo'),
(2416, 'Sao Goncalo', 'BR', 'Rio de Janeiro'),
(2417, 'Sao Joao de Meriti', 'BR', 'Rio de Janeiro'),
(2418, 'Sao Jose', 'BR', 'Santa Catarina'),
(2419, 'Sao Jose do Rio Preto', 'BR', 'Sao Paulo'),
(2420, 'Sao Jose dos Campos', 'BR', 'Sao Paulo'),
(2421, 'Sao Jose dos Pinhais', 'BR', 'Parana'),
(2422, 'Sao Leopoldo', 'BR', 'Rio Grande do Sul'),
(2423, 'Sao Luis', 'BR', 'Maranhao'),
(2424, 'Sao Paulo', 'BR', 'Sao Paulo'),
(2425, 'Sao Tome', 'STP', 'Sao Tome and Principe'),
(2426, 'Sao Vicente', 'BR', 'Sao Paulo'),
(2427, 'Sapele', 'WAN', 'Nigeria'),
(2428, 'Sapporo', 'J', 'Hokkaido'),
(2429, 'Sapucaia do Sul', 'BR', 'Rio Grande do Sul'),
(2430, 'Saraburi', 'THA', 'Thailand'),
(2431, 'Sarajevo', 'BIH', 'Bosnia and Herzegovina'),
(2432, 'Saransk', 'R', 'Rep. of Mordovia'),
(2433, 'Sarapul', 'R', 'Udmurt Republic'),
(2434, 'Saratov', 'R', 'Saratovskaya oblast'),
(2435, 'Sargodha', 'PK', 'Pakistan'),
(2436, 'Sari', 'IR', 'Mazandaran'),
(2437, 'Sarnen', 'CH', 'OW'),
(2438, 'Saskatoon', 'CDN', 'Saskatchewan'),
(2439, 'Sassari', 'I', 'Sardegna'),
(2440, 'Satu Mare', 'RO', 'Satu Mare'),
(2441, 'Saurimo', 'ANG', 'Lunda Sul'),
(2442, 'Savannah', 'USA', 'Georgia'),
(2443, 'Savar', 'BD', 'Bangladesh'),
(2444, 'Scarborough', 'CDN', 'Ontario'),
(2445, 'Scarborough', 'GB', 'North Yorkshire'),
(2446, 'Schaffhausen', 'CH', 'SH'),
(2447, 'Schwerin', 'D', 'Mecklenburg Vorpommern'),
(2448, 'Schwyz', 'CH', 'SZ'),
(2449, 'Scottsdale', 'USA', 'Arizona'),
(2450, 'Seattle', 'USA', 'Washington'),
(2451, 'Sefton', 'GB', 'Merseyside'),
(2452, 'Sekondi', 'GH', 'Ghana'),
(2453, 'Selayang Baru', 'MAL', 'Selangor'),
(2454, 'Semarang', 'RI', 'Indonesia'),
(2455, 'Semey', 'KAZ', 'Semey'),
(2456, 'Semnan', 'IR', 'Semnan'),
(2457, 'Sendai', 'J', 'Miyagi'),
(2458, 'Seoul', 'ROK', 'South Korea'),
(2459, 'Seremban', 'MAL', 'Negeri Sembilan'),
(2460, 'Serov', 'R', 'Sverdlovskaya oblast'),
(2461, 'Serpukhov', 'R', 'Moskovskaya oblast'),
(2462, 'Serra', 'BR', 'Espirito Santo'),
(2463, 'Sete Lagoas', 'BR', 'Minas Gerais'),
(2464, 'Setif', 'DZ', 'Algeria'),
(2465, 'Setubal', 'P', 'Setubal'),
(2466, 'Sevastopol', 'UA', 'Krym'),
(2467, 'Sevenoaks', 'GB', 'Kent'),
(2468, 'Severodvinsk', 'R', 'Arkhangelskaya oblast'),
(2469, 'Seversk', 'R', 'Tomskaya oblast'),
(2470, 'Sevilla', 'E', 'Andalusia'),
(2471, 'Sfintu Gheorghe', 'RO', 'Covasna'),
(2472, 'Shagamu', 'WAN', 'Nigeria'),
(2473, 'Shah Alam', 'MAL', 'Selangor'),
(2474, 'Shahr e Kord', 'IR', 'Chahar Mahal e Bakhtiari'),
(2475, 'Shakhty', 'R', 'Rostovskaya oblast'),
(2476, 'Shaki', 'WAN', 'Nigeria'),
(2477, 'Shanghai', 'TJ', 'Shanghai (munic.)'),
(2478, 'Shangqiu', 'TJ', 'Henan'),
(2479, 'Shangrao', 'TJ', 'Jiangxi'),
(2480, 'Shangzhi', 'TJ', 'Heilongjiang'),
(2481, 'Shantou', 'TJ', 'Guangdong'),
(2482, 'Shanwei', 'TJ', 'Guangdong'),
(2483, 'Shaoguan', 'TJ', 'Guangdong'),
(2484, 'Shaoxing', 'TJ', 'Zhejiang'),
(2485, 'Shaoyang', 'TJ', 'Hunan'),
(2486, 'Sharjah', 'UAE', 'Ash Shariqah'),
(2487, 'Shashi', 'TJ', 'Hubei'),
(2488, 'Shchyolkovo', 'R', 'Moskovskaya oblast'),
(2489, 'Sheffield', 'GB', 'South Yorkshire'),
(2490, 'Sheikhupura', 'PK', 'Pakistan'),
(2491, 'Shenyang', 'TJ', 'Liaoning'),
(2492, 'Shenzhen', 'TJ', 'Guangdong'),
(2493, 'Shibin el Kom', 'ET', 'El Minufiya'),
(2494, 'Shihezi', 'TJ', 'Xinjiang Uygur'),
(2495, 'Shijiazhuang', 'TJ', 'Hebei'),
(2496, 'Shillong', 'IND', 'Meghalaya'),
(2497, 'Shinyanga', 'EAT', 'Shinyanga'),
(2498, 'Shiraz', 'IR', 'Fars'),
(2499, 'Shishou', 'TJ', 'Hubei'),
(2500, 'Shiyan', 'TJ', 'Hubei'),
(2501, 'Shizuishan', 'TJ', 'Ningxia Huizu'),
(2502, 'Shizuoka', 'J', 'Shizuoka'),
(2503, 'Shkoder', 'AL', 'Albania'),
(2504, 'Sholapur', 'IND', 'Maharashtra'),
(2505, 'Shomolu', 'WAN', 'Nigeria'),
(2506, 'Shreveport', 'USA', 'Louisiana'),
(2507, 'Shrewsbury', 'GB', 'Shropshire'),
(2508, 'Shuangcheng', 'TJ', 'Heilongjiang'),
(2509, 'Shuangyashan', 'TJ', 'Heilongjiang'),
(2510, 'Shubra el Kheima', 'ET', 'El Qalubiya'),
(2511, 'Shymkent', 'KAZ', 'Ongtustik Qazaqstan'),
(2512, 'Sialkot', 'PK', 'Pakistan'),
(2513, 'Sibiu', 'RO', 'Sibiu'),
(2514, 'Sibu', 'MAL', 'Sarawak'),
(2515, 'Sidi bel Abbes', 'DZ', 'Algeria'),
(2516, 'Siedlce', 'PL', 'Siedleckie'),
(2517, 'Siegen', 'D', 'Nordrhein Westfalen'),
(2518, 'Sieradz', 'PL', 'Sieradzkie'),
(2519, 'Siguatepeque', 'HCA', 'Francisco Morazan'),
(2520, 'Siirt', 'TR', 'Siirt'),
(2521, 'Silvassa', 'IND', 'Dadra and Nagar Haveli'),
(2522, 'Simbirsk', 'R', 'Ulyanovskaya oblast'),
(2523, 'Simferopol', 'UA', 'Krym'),
(2524, 'Simi Valley', 'USA', 'California'),
(2525, 'Simla', 'IND', 'Himachal Pradesh'),
(2526, 'Sincelejo', 'CO', 'Sucre'),
(2527, 'Singapore', 'SGP', 'Singapore'),
(2528, 'Singida', 'EAT', 'Singida'),
(2529, 'Sinop', 'TR', 'Sinop'),
(2530, 'Sinpo', 'NOK', 'North Korea'),
(2531, 'Sinuiju', 'NOK', 'North Korea'),
(2532, 'Sion', 'CH', 'VS'),
(2533, 'Sioux Falls', 'USA', 'South Dakota'),
(2534, 'Siping', 'TJ', 'Jilin'),
(2535, 'Siracusa', 'I', 'Sicilia'),
(2536, 'Sirajganj', 'BD', 'Bangladesh'),
(2537, 'Sirjan', 'IR', 'Kerman'),
(2538, 'Sirnak', 'TR', 'Sirnak'),
(2539, 'Sivas', 'TR', 'Sivas'),
(2540, 'Skien', 'N', 'Telemark'),
(2541, 'Skierniewice', 'PL', 'Skierniewickie'),
(2542, 'Skikda', 'DZ', 'Algeria'),
(2543, 'Skopje', 'MK', 'Macedonia'),
(2544, 'Slatina', 'RO', 'Olt'),
(2545, 'Slobozia', 'RO', 'Ialomita'),
(2546, 'Slough', 'GB', 'Berkshire'),
(2547, 'Slupsk', 'PL', 'Slupskie'),
(2548, 'Smolensk', 'R', 'Smolenskaya oblast'),
(2549, 'Soacha', 'CO', 'Cundinamarca'),
(2550, 'Sobral', 'BR', 'Ceara'),
(2551, 'Sochi', 'R', 'Krasnodarsky kray'),
(2552, 'Sofia', 'BG', 'Bulgaria'),
(2553, 'Sohag', 'ET', 'Sohag'),
(2554, 'Sokoto', 'WAN', 'Nigeria'),
(2555, 'Soledad', 'CO', 'Atlantico'),
(2556, 'Soledad de Graciano Sanchez', 'MEX', 'San Luis Potosi'),
(2557, 'Solihull', 'GB', 'West Midlands'),
(2558, 'Solikamsk', 'R', 'Permskaya oblast'),
(2559, 'Solingen', 'D', 'Nordrhein Westfalen'),
(2560, 'Solothurn', 'CH', 'SO'),
(2561, 'Solwezi', 'Z', 'Northwestern'),
(2562, 'Songea', 'EAT', 'Ruvuma'),
(2563, 'Songjin', 'NOK', 'North Korea'),
(2564, 'Songkhla', 'THA', 'Thailand'),
(2565, 'Songnam', 'ROK', 'South Korea'),
(2566, 'Sorocaba', 'BR', 'Sao Paulo'),
(2567, 'Sosnowiec', 'PL', 'Katowickie'),
(2568, 'South Bend', 'USA', 'Indiana'),
(2569, 'Southampton', 'GB', 'Hampshire'),
(2570, 'Southend on Sea', 'GB', 'Essex'),
(2571, 'Soweto', 'RSA', 'Gauteng'),
(2572, 'Soyapango', 'ES', 'El Salvador'),
(2573, 'Spokane', 'USA', 'Washington'),
(2574, 'Springfield', 'USA', 'Illinois'),
(2575, 'Springfield', 'USA', 'Massachusetts'),
(2576, 'Springfield', 'USA', 'Missouri'),
(2577, 'Srinagar', 'IND', 'Jammu and Kashmir'),
(2578, 'St. Louis', 'USA', 'Missouri'),
(2579, 'St. Paul', 'USA', 'Minnesota'),
(2580, 'St. Petersburg', 'USA', 'Florida'),
(2581, 'St. Polten', 'A', 'Lower Austria'),
(2582, 'Stafford', 'GB', 'Staffordshire'),
(2583, 'Stamford', 'USA', 'Connecticut'),
(2584, 'Stanley', 'FALK', 'Falkland Islands'),
(2585, 'Stans', 'CH', 'NW'),
(2586, 'Stary Oskol', 'R', 'Belgorodskaya oblast'),
(2587, 'Stavanger', 'N', 'Rogaland'),
(2588, 'Stavropol', 'R', 'Stavropolsky kray'),
(2589, 'Steinkjer', 'N', 'Nord Trondelag'),
(2590, 'Sterling Heights', 'USA', 'Michigan'),
(2591, 'Sterlitamak', 'R', 'Rep. of Bashkortostan'),
(2592, 'Stirling', 'GB', 'Central'),
(2593, 'Stockholm', 'S', 'Stockholm'),
(2594, 'Stockport', 'GB', 'Greater Manchester'),
(2595, 'Stockton', 'USA', 'California'),
(2596, 'Stockton on Tees', 'GB', 'Cleveland'),
(2597, 'Stoke on Trent', 'GB', 'Staffordshire'),
(2598, 'Stornoway', 'GB', 'Outer Hebrides'),
(2599, 'Strasbourg', 'F', 'Alsace'),
(2600, 'Stratford on Avon', 'GB', 'Warwickshire'),
(2601, 'Stroud', 'GB', 'Gloucestershire'),
(2602, 'Stuttgart', 'D', 'Baden Wurttemberg'),
(2603, 'Suceava', 'RO', 'Suceava'),
(2604, 'Sucre', 'BOL', 'Bolivia'),
(2605, 'Suihua', 'TJ', 'Heilongjiang'),
(2606, 'Sukabumi', 'RI', 'Indonesia'),
(2607, 'Sukkur', 'PK', 'Pakistan'),
(2608, 'Sullana', 'PE', 'Piura'),
(2609, 'Sumare', 'BR', 'Sao Paulo'),
(2610, 'Sumbawanga', 'EAT', 'Rukwa'),
(2611, 'Sumbe', 'ANG', 'Cuanza Sul'),
(2612, 'Sumy', 'UA', 'Sumska'),
(2613, 'Sunchon', 'NOK', 'North Korea'),
(2614, 'Sunderland', 'GB', 'Tyne and Wear'),
(2615, 'Sunnyvale', 'USA', 'California'),
(2616, 'Sunshine Coast', 'AUS', 'New South Wales'),
(2617, 'Suqian', 'TJ', 'Jiangsu'),
(2618, 'Surabaya', 'RI', 'Indonesia'),
(2619, 'Surakarta', 'RI', 'Indonesia'),
(2620, 'Surat', 'IND', 'Gujarat'),
(2621, 'Surgut', 'R', 'Tyumenskaya oblast'),
(2622, 'Surrey', 'CDN', 'British Columbia'),
(2623, 'Sutton in Ashfield', 'GB', 'Derbyshire'),
(2624, 'Suva', 'FJI', 'Fiji'),
(2625, 'Suwalki', 'PL', 'Suwalskie'),
(2626, 'Suwon', 'ROK', 'South Korea'),
(2627, 'Suzano', 'BR', 'Sao Paulo'),
(2628, 'Suzhou', 'TJ', 'Anhui'),
(2629, 'Suzhou', 'TJ', 'Jiangsu'),
(2630, 'Svolvaer', 'N', 'Nordland'),
(2631, 'Swale', 'GB', 'Kent'),
(2632, 'Swansea', 'GB', 'Swansea'),
(2633, 'Sydney', 'AUS', 'New South Wales'),
(2634, 'Syktyvkar', 'R', 'Rep. of Komi'),
(2635, 'Sylhet', 'BD', 'Bangladesh'),
(2636, 'Syracuse', 'USA', 'New York'),
(2637, 'Syzran', 'R', 'Samarskaya oblast'),
(2638, 'Szczecin', 'PL', 'Szczecinskie'),
(2639, 'Szeged', 'H', 'Szeged (munic.)'),
(2640, 'Szekesfehervar', 'H', 'Fejer'),
(2641, 'Szekszard', 'H', 'Tolna'),
(2642, 'Szolnok', 'H', 'Szolnok'),
(2643, 'Szombathely', 'H', 'Vas'),
(2644, 'Taboao da Serra', 'BR', 'Sao Paulo'),
(2645, 'Tabora', 'EAT', 'Tabora'),
(2646, 'Tabriz', 'IR', 'Azarbayian e Sharqi'),
(2647, 'Tacna', 'PE', 'Tacna'),
(2648, 'Tacoma', 'USA', 'Washington'),
(2649, 'Taegu', 'ROK', 'South Korea'),
(2650, 'Taejon', 'ROK', 'South Korea'),
(2651, 'Taganrog', 'R', 'Rostovskaya oblast'),
(2652, 'Taian', 'TJ', 'Shandong'),
(2653, 'Taichung', 'RC', 'Taiwan'),
(2654, 'Tainan', 'RC', 'Taiwan'),
(2655, 'Taipei', 'RC', 'Taiwan'),
(2656, 'Taiping', 'MAL', 'Perak'),
(2657, 'Taitung', 'RC', 'Taiwan'),
(2658, 'Taiyuan', 'TJ', 'Shanxi'),
(2659, 'Taizhou', 'TJ', 'Jiangsu'),
(2660, 'Takamatsu', 'J', 'Kagawa'),
(2661, 'Takoradi', 'GH', 'Ghana'),
(2662, 'Talara', 'PE', 'Piura');
INSERT INTO `ville` (`id`, `nom`, `pays`, `province`) VALUES
(2663, 'Taldyqorghan', 'KAZ', 'Taldyqorghan'),
(2664, 'Tallahassee', 'USA', 'Florida'),
(2665, 'Tallinn', 'EW', 'Estonia'),
(2666, 'Tamale', 'GH', 'Ghana'),
(2667, 'Tamatave', 'RM', 'Toamasina'),
(2668, 'Tambacounda', 'SN', 'Tambacounda'),
(2669, 'Tambov', 'R', 'Tambovskaya oblast'),
(2670, 'Tameside', 'GB', 'Greater Manchester'),
(2671, 'Tampa', 'USA', 'Florida'),
(2672, 'Tampere', 'SF', 'Haeme'),
(2673, 'Tampico', 'MEX', 'Tamaulipas'),
(2674, 'Tanchon', 'NOK', 'North Korea'),
(2675, 'Tanga', 'EAT', 'Tanga'),
(2676, 'Tangail', 'BD', 'Bangladesh'),
(2677, 'Tanger', 'MA', 'Morocco'),
(2678, 'Tangshan', 'TJ', 'Hebei'),
(2679, 'Tanjung Balai', 'RI', 'Indonesia'),
(2680, 'Tanta', 'ET', 'El Gharbiya'),
(2681, 'Taoyuan', 'RC', 'Taiwan'),
(2682, 'Tapachula', 'MEX', 'Chiapas'),
(2683, 'Taranto', 'I', 'Puglia'),
(2684, 'Tarawa', 'KIR', 'Kiribati'),
(2685, 'Tarnobrzeg', 'PL', 'Tarnobrzeskie'),
(2686, 'Tarnow', 'PL', 'Tarnowskie'),
(2687, 'Tarragona', 'E', 'Catalonia'),
(2688, 'Tarsus', 'TR', 'Icel'),
(2689, 'Tashauz', 'TM', 'Dashhowuz'),
(2690, 'Tashkent', 'UZB', 'Toshkent'),
(2691, 'Tatabanya', 'H', 'Komarom Esztergom'),
(2692, 'Taubate', 'BR', 'Sao Paulo'),
(2693, 'Taunggyi', 'MYA', 'Shan'),
(2694, 'Taunton', 'GB', 'Somerset'),
(2695, 'Tavoy', 'MYA', 'Tanintharyi'),
(2696, 'Tawai', 'MAL', 'Sabah'),
(2697, 'Tbilisi', 'GE', 'Georgia'),
(2698, 'Tebessa', 'DZ', 'Algeria'),
(2699, 'Tebing Tinggi', 'RI', 'Indonesia'),
(2700, 'Tegal', 'RI', 'Indonesia'),
(2701, 'Tegucigalpa', 'HCA', 'Francisco Morazan'),
(2702, 'Tehran', 'IR', 'Tehran'),
(2703, 'Tehuacan', 'MEX', 'Puebla'),
(2704, 'Tekirdag', 'TR', 'Tekirdag'),
(2705, 'Tel Aviv', 'IL', 'Tel Aviv'),
(2706, 'Tela', 'HCA', 'Atlantida'),
(2707, 'Tema', 'GH', 'Ghana'),
(2708, 'Tembisa', 'RSA', 'Gauteng'),
(2709, 'Temirtau', 'KAZ', 'Qaraghandy'),
(2710, 'Tempe', 'USA', 'Arizona'),
(2711, 'Tengxian', 'TJ', 'Shandong'),
(2712, 'Teofilo Otoni', 'BR', 'Minas Gerais'),
(2713, 'Tepic', 'MEX', 'Nayarit'),
(2714, 'Teresina', 'BR', 'Piaui'),
(2715, 'Teresopolis', 'BR', 'Rio de Janeiro'),
(2716, 'Termiz', 'UZB', 'Surkhondare'),
(2717, 'Terni', 'I', 'Umbria'),
(2718, 'Ternopil', 'UA', 'Ternopilska'),
(2719, 'Terrassa', 'E', 'Catalonia'),
(2720, 'Tete', 'MOC', 'Tete'),
(2721, 'Tetouan', 'MA', 'Morocco'),
(2722, 'Thai Nguyen', 'VN', 'Vietnam'),
(2723, 'Thane', 'IND', 'Maharashtra'),
(2724, 'The Valley', 'AXA', 'Anguilla'),
(2725, 'Thessaloniki', 'GR', 'Kedriki Makedhonia'),
(2726, 'Thies', 'SN', 'Thies'),
(2727, 'Thika', 'EAK', 'Central'),
(2728, 'Thimphu', 'BHT', 'Bhutan'),
(2729, 'Thousand Oaks', 'USA', 'California'),
(2730, 'Thunder Bay', 'CDN', 'Ontario'),
(2731, 'Tianjin', 'TJ', 'Tianjin (munic.)'),
(2732, 'Tianmen', 'TJ', 'Hubei'),
(2733, 'Tianshui', 'TJ', 'Gansu'),
(2734, 'Tieling', 'TJ', 'Liaoning'),
(2735, 'Tijuana', 'MEX', 'Baja California'),
(2736, 'Tilburg', 'NL', 'Noord Brabant'),
(2737, 'Timisoara', 'RO', 'Timis'),
(2738, 'Timon', 'BR', 'Maranhao'),
(2739, 'Tirane', 'AL', 'Albania'),
(2740, 'Tirgoviste', 'RO', 'Dimbovita'),
(2741, 'Tirgu Jiu', 'RO', 'Gorj'),
(2742, 'Tirgu Mures', 'RO', 'Mures'),
(2743, 'Tiruchchirappalli', 'IND', 'Tamil Nadu'),
(2744, 'Tlaquepaque', 'MEX', 'Jalisco'),
(2745, 'Tlaxcala', 'MEX', 'Tlaxcala'),
(2746, 'Tlemcen', 'DZ', 'Algeria'),
(2747, 'Toensberg', 'N', 'Vestfold'),
(2748, 'Tokat', 'TR', 'Tokat'),
(2749, 'Tokchon', 'NOK', 'North Korea'),
(2750, 'Tokushima', 'J', 'Tokushima'),
(2751, 'Tokyo', 'J', 'Tokyo'),
(2752, 'Toledo', 'E', 'Castile La Mancha'),
(2753, 'Toledo', 'USA', 'Ohio'),
(2754, 'Toliara', 'RM', 'Toliara'),
(2755, 'Toluca', 'MEX', 'Mexico, Estado de'),
(2756, 'Toluca de Lerdo', 'MEX', 'Mexico, Estado de'),
(2757, 'Tolyatti', 'R', 'Samarskaya oblast'),
(2758, 'Tomsk', 'R', 'Tomskaya oblast'),
(2759, 'Tonala', 'MEX', 'Chiapas'),
(2760, 'Tonbridge', 'GB', 'Kent'),
(2761, 'Tongchuan', 'TJ', 'Shaanxi'),
(2762, 'Tonghua', 'TJ', 'Jilin'),
(2763, 'Tongi', 'BD', 'Bangladesh'),
(2764, 'Tongliao', 'TJ', 'Nei Monggol'),
(2765, 'Tongling', 'TJ', 'Anhui'),
(2766, 'Topeka', 'USA', 'Kansas'),
(2767, 'Toronto', 'CDN', 'Ontario'),
(2768, 'Torrance', 'USA', 'California'),
(2769, 'Torre del Greco', 'I', 'Campania'),
(2770, 'Torreon', 'MEX', 'Coahuila'),
(2771, 'Torshavn', 'FARX', 'Faroe Islands'),
(2772, 'Torun', 'PL', 'Torunskie'),
(2773, 'Tottori', 'J', 'Tottori'),
(2774, 'Toulon', 'F', 'Provence Cote dAzur'),
(2775, 'Toulouse', 'F', 'Midi Pyrenees'),
(2776, 'Tours', 'F', 'Centre'),
(2777, 'Townsville', 'AUS', 'Queensland'),
(2778, 'Toyama', 'J', 'Toyama'),
(2779, 'Trabzon', 'TR', 'Trabzon'),
(2780, 'Trafford', 'GB', 'Greater Manchester'),
(2781, 'Trento', 'I', 'Trentino Alto Adige'),
(2782, 'Trenton', 'USA', 'New Jersey'),
(2783, 'Trieste', 'I', 'Friuli Venezia Giulia'),
(2784, 'Tripoli', 'GR', 'Peloponnisos'),
(2785, 'Tripoli', 'LAR', 'Libya'),
(2786, 'Trivandrum', 'IND', 'Kerala'),
(2787, 'Tromsoe', 'N', 'Troms'),
(2788, 'Trondheim', 'N', 'Soer Trondelag'),
(2789, 'Trowbridge', 'GB', 'Wiltshire'),
(2790, 'Trujillo', 'HCA', 'Colon'),
(2791, 'Trujillo', 'PE', 'La Libertad'),
(2792, 'Trujillo', 'YV', 'Trujillo'),
(2793, 'Truro', 'GB', 'Cornwall'),
(2794, 'Tshikapa', 'ZRE', 'Kasai Occidental'),
(2795, 'Tsu', 'J', 'Mie'),
(2796, 'Tucson', 'USA', 'Arizona'),
(2797, 'Tucupita', 'YV', 'Delta Amacuro'),
(2798, 'Tula', 'R', 'Tulskaya oblast'),
(2799, 'Tulcea', 'RO', 'Tulcea'),
(2800, 'Tulsa', 'USA', 'Oklahoma'),
(2801, 'Tulua', 'CO', 'Valle de Cauca'),
(2802, 'Tumaco', 'CO', 'Narino'),
(2803, 'Tumbes', 'PE', 'Tumbes'),
(2804, 'Tunbridge Wells', 'GB', 'Kent'),
(2805, 'Tunceli', 'TR', 'Tunceli'),
(2806, 'Tunis', 'TN', 'Tunisia'),
(2807, 'Tunja', 'CO', 'Boyaca'),
(2808, 'Turbo', 'CO', 'Antioquia'),
(2809, 'Turin', 'I', 'Piemonte'),
(2810, 'Turku', 'SF', 'Turku-Pori'),
(2811, 'Turmero', 'YV', 'Aragua'),
(2812, 'Tuxtla Gutierrez', 'MEX', 'Chiapas'),
(2813, 'Tver', 'R', 'Tverskaya oblast'),
(2814, 'Tychy', 'PL', 'Katowickie'),
(2815, 'Tyumen', 'R', 'Tyumenskaya oblast'),
(2816, 'Uberaba', 'BR', 'Minas Gerais'),
(2817, 'Uberlandia', 'BR', 'Minas Gerais'),
(2818, 'Ubon Ratchathani', 'THA', 'Thailand'),
(2819, 'Ufa', 'R', 'Rep. of Bashkortostan'),
(2820, 'Uige', 'ANG', 'Uige'),
(2821, 'Ujjain', 'IND', 'Madhya Pradesh'),
(2822, 'Ujung Pandang', 'RI', 'Indonesia'),
(2823, 'Ukhta', 'R', 'Rep. of Komi'),
(2824, 'Ulaanbaatar', 'MNG', 'Mongolia'),
(2825, 'Ulan Ude', 'R', 'Rep. of Buryatiya'),
(2826, 'Ulanhot', 'TJ', 'Nei Monggol'),
(2827, 'Ulhasnagar', 'IND', 'Maharashtra'),
(2828, 'Ulm', 'D', 'Baden Wurttemberg'),
(2829, 'Ulsan', 'ROK', 'South Korea'),
(2830, 'Umea', 'S', 'Vasterbotten'),
(2831, 'Uppsala', 'S', 'Uppsala'),
(2832, 'Urawa', 'J', 'Saitama'),
(2833, 'Urfa', 'TR', 'Sanliurfa'),
(2834, 'Urganch', 'UZB', 'Khorazm'),
(2835, 'Uruapan', 'MEX', 'Michoacan'),
(2836, 'Uruguaiana', 'BR', 'Rio Grande do Sul'),
(2837, 'Urumqi', 'TJ', 'Xinjiang Uygur'),
(2838, 'Usak', 'TR', 'Usak'),
(2839, 'Ushuaia', 'RA', 'Tierra del Fuego'),
(2840, 'Usolye Sibirskoye', 'R', 'Irkutskaya oblast'),
(2841, 'Ussuriysk', 'R', 'Primorsky kray'),
(2842, 'Ust Ilimsk', 'R', 'Irkutskaya oblast'),
(2843, 'Usti nad Labem', 'CZ', 'Severocesky'),
(2844, 'Utrecht', 'NL', 'Utrecht'),
(2845, 'Utsonomiya', 'J', 'Tochigi'),
(2846, 'Uvira', 'ZRE', 'Kivu'),
(2847, 'Uzhhorod', 'UA', 'Zakarpatska'),
(2848, 'Vaasa', 'SF', 'Vaasa'),
(2849, 'Vadodara', 'IND', 'Gujarat'),
(2850, 'Vadsoe', 'N', 'Finnmark'),
(2851, 'Vaduz', 'FL', 'Liechtenstein'),
(2852, 'Valencia', 'E', 'Valencia'),
(2853, 'Valencia', 'YV', 'Carabobo'),
(2854, 'Valladolid', 'E', 'Castile and Leon'),
(2855, 'Valledupar', 'CO', 'Cesar'),
(2856, 'Vallejo', 'USA', 'California'),
(2857, 'Valletta', 'M', 'Malta'),
(2858, 'Valparaiso', 'RCH', 'Chile'),
(2859, 'Van', 'TR', 'Van'),
(2860, 'Vancouver', 'CDN', 'British Columbia'),
(2861, 'Vanersborg', 'S', 'Alvsborg'),
(2862, 'Varanasi', 'IND', 'Uttar Pradesh'),
(2863, 'Varginha', 'BR', 'Minas Gerais'),
(2864, 'Varzea Grande', 'BR', 'Mato Grosso'),
(2865, 'Vaslui', 'RO', 'Vaslui'),
(2866, 'Vasteras', 'S', 'Vastmanland'),
(2867, 'Vatican City', 'V', 'Holy See'),
(2868, 'Vaughan', 'CDN', 'Ontario'),
(2869, 'Vaxjo', 'S', 'Kronoberg'),
(2870, 'Velikiye Luki', 'R', 'Pskovskaya oblast'),
(2871, 'Velsen', 'NL', 'Noord Holland'),
(2872, 'Venice', 'I', 'Veneto'),
(2873, 'Veracruz Llave', 'MEX', 'Veracruz'),
(2874, 'Verona', 'I', 'Veneto'),
(2875, 'Veszprem', 'H', 'Veszprem'),
(2876, 'Viamao', 'BR', 'Rio Grande do Sul'),
(2877, 'Viana do Castelo', 'P', 'Viana do Castelo'),
(2878, 'Vicente Lopez', 'RA', 'Buenos Aires'),
(2879, 'Vicenza', 'I', 'Veneto'),
(2880, 'Victoria', 'CDN', 'British Columbia'),
(2881, 'Victoria', 'M', 'Malta'),
(2882, 'Victoria', 'SY', 'Seychelles'),
(2883, 'Victoria de Durango', 'MEX', 'Durango'),
(2884, 'Victoria de las Tunas', 'C', 'Las Tunas'),
(2885, 'Viedma', 'RA', 'Rio Negro'),
(2886, 'Vienna', 'A', 'Vienna'),
(2887, 'Vientiane', 'LAO', 'Laos'),
(2888, 'Viet Tri', 'VN', 'Vietnam'),
(2889, 'Vigo', 'E', 'Galicia'),
(2890, 'Vijayawada', 'IND', 'Andhra Pradesh'),
(2891, 'Vila Nova de Gaia', 'P', 'Porto'),
(2892, 'Vila Real', 'P', 'Vila Real'),
(2893, 'Vila Velha', 'BR', 'Espirito Santo'),
(2894, 'Villa Nueva', 'GCA', 'Guatemala'),
(2895, 'Villahermosa', 'MEX', 'Tabasco'),
(2896, 'Villavicencio', 'CO', 'Meta'),
(2897, 'Villeurbanne', 'F', 'Rhone Alpes'),
(2898, 'Vilnius', 'LT', 'Lithuania'),
(2899, 'Vinnytsya', 'UA', 'Vinnytska'),
(2900, 'Virginia Beach', 'USA', 'Virginia'),
(2901, 'Visby', 'S', 'Gotland'),
(2902, 'Viseu', 'P', 'Viseu'),
(2903, 'Vishakhapatnam', 'IND', 'Andhra Pradesh'),
(2904, 'Vitoria', 'BR', 'Espirito Santo'),
(2905, 'Vitoria da Conquista', 'BR', 'Bahia'),
(2906, 'Vitoria de Santo Antao', 'BR', 'Pernambuco'),
(2907, 'Vitoria Gasteiz', 'E', 'Basque Country'),
(2908, 'Vladikavkaz', 'R', 'Rep. of North Ossetiya'),
(2909, 'Vladimir', 'R', 'Vladimirskaya oblast'),
(2910, 'Vladivostok', 'R', 'Primorsky kray'),
(2911, 'Vlore', 'AL', 'Albania'),
(2912, 'Volgodonsk', 'R', 'Rostovskaya oblast'),
(2913, 'Volgograd', 'R', 'Volgogradskaya oblast'),
(2914, 'Vologda', 'R', 'Vologodskaya oblast'),
(2915, 'Volos', 'GR', 'Thessalia'),
(2916, 'Volta Redonda', 'BR', 'Rio de Janeiro'),
(2917, 'Volzhsky', 'R', 'Volgogradskaya oblast'),
(2918, 'Vorkuta', 'R', 'Rep. of Komi'),
(2919, 'Voronezh', 'R', 'Voronezhskaya oblast'),
(2920, 'Votkinsk', 'R', 'Udmurt Republic'),
(2921, 'Vung Tau', 'VN', 'Vietnam'),
(2922, 'Waco', 'USA', 'Texas'),
(2923, 'Wad Madani', 'SUD', 'Nil al Asraq'),
(2924, 'Wafangdian', 'TJ', 'Liaoning'),
(2925, 'Wah Cantonment', 'PK', 'Pakistan'),
(2926, 'Wakayama', 'J', 'Wakayama'),
(2927, 'Wakefield', 'GB', 'West Yorkshire'),
(2928, 'Wakrah', 'Q', 'Qatar'),
(2929, 'Walbrzych', 'PL', 'Walbrzyskie'),
(2930, 'Walsall', 'GB', 'West Midlands'),
(2931, 'Wanxian', 'TJ', 'Sichuan'),
(2932, 'Warangal', 'IND', 'Andhra Pradesh'),
(2933, 'Warren', 'USA', 'Michigan'),
(2934, 'Warrington', 'GB', 'Cheshire'),
(2935, 'Warsaw', 'PL', 'Warszwaskie'),
(2936, 'Warwick', 'GB', 'Warwickshire'),
(2937, 'Washington', 'USA', 'Distr. Columbia'),
(2938, 'Waterbury', 'USA', 'Connecticut'),
(2939, 'Waw', 'SUD', 'Bahr al Ghazal'),
(2940, 'Weifang', 'TJ', 'Shandong'),
(2941, 'Weihai', 'TJ', 'Shandong'),
(2942, 'Weinan', 'TJ', 'Shaanxi'),
(2943, 'Wellington', 'NZ', 'New Zealand'),
(2944, 'Wendeng', 'TJ', 'Shandong'),
(2945, 'Wenzhou', 'TJ', 'Zhejiang'),
(2946, 'West Bromwich', 'GB', 'West Midlands'),
(2947, 'West Covina', 'USA', 'California'),
(2948, 'West Island', 'COCO', 'Cocos Islands'),
(2949, 'Wete', 'EAT', 'Kaskazini Pemba'),
(2950, 'Whitehorse', 'CDN', 'Yukon Territory'),
(2951, 'Wichita', 'USA', 'Kansas'),
(2952, 'Wichita Falls', 'USA', 'Texas'),
(2953, 'Wiesbaden', 'D', 'Hessen'),
(2954, 'Wigan', 'GB', 'Greater Manchester'),
(2955, 'Willemstad', 'NA', 'Netherlands Antilles'),
(2956, 'Winchester', 'GB', 'Hampshire'),
(2957, 'Windhoek', 'NAM', 'Namibia'),
(2958, 'Windsor', 'CDN', 'Ontario'),
(2959, 'Windsor', 'GB', 'Berkshire'),
(2960, 'Winnipeg', 'CDN', 'Manitoba'),
(2961, 'Winston Salem', 'USA', 'North Carolina'),
(2962, 'Winterthur', 'CH', 'ZH'),
(2963, 'Wiral', 'GB', 'Merseyside'),
(2964, 'Witten', 'D', 'Nordrhein Westfalen'),
(2965, 'Wloclawek', 'PL', 'Wloclawskie'),
(2966, 'Wodzilaw Slaski', 'PL', 'Katowickie'),
(2967, 'Wokingham', 'GB', 'Berkshire'),
(2968, 'Wolfsburg', 'D', 'Niedersachsen'),
(2969, 'Wollongong', 'AUS', 'New South Wales'),
(2970, 'Wolverhampton', 'GB', 'West Midlands'),
(2971, 'Wonsan', 'NOK', 'North Korea'),
(2972, 'Worcester', 'GB', 'Hereford and Worcester'),
(2973, 'Worcester', 'USA', 'Massachusetts'),
(2974, 'Wrexham', 'GB', 'Wrexham'),
(2975, 'Wroclaw', 'PL', 'Wroclawskie'),
(2976, 'Wuhai', 'TJ', 'Nei Monggol'),
(2977, 'Wuhan', 'TJ', 'Hubei'),
(2978, 'Wuhu', 'TJ', 'Anhui'),
(2979, 'Wuppertal', 'D', 'Nordrhein Westfalen'),
(2980, 'Wurzburg', 'D', 'Bayern'),
(2981, 'Wuwei', 'TJ', 'Gansu'),
(2982, 'Wuxi', 'TJ', 'Jiangsu'),
(2983, 'Wuzhou', 'TJ', 'Guangxi Zhuangzu'),
(2984, 'Wycombe', 'GB', 'Buckinghamshire'),
(2985, 'Xai Xai', 'MOC', 'Gaza'),
(2986, 'Xalapa Enriquez', 'MEX', 'Veracruz'),
(2987, 'Xiamen', 'TJ', 'Fujian'),
(2988, 'Xian', 'TJ', 'Shaanxi'),
(2989, 'Xiangfan', 'TJ', 'Hubei'),
(2990, 'Xiangtan', 'TJ', 'Hunan'),
(2991, 'Xianning', 'TJ', 'Hubei'),
(2992, 'Xianyang', 'TJ', 'Shaanxi'),
(2993, 'Xiaogan', 'TJ', 'Hubei'),
(2994, 'Xiaoshan', 'TJ', 'Zhejiang'),
(2995, 'Xichang', 'TJ', 'Sichuan'),
(2996, 'Xingcheng', 'TJ', 'Liaoning'),
(2997, 'Xinghua', 'TJ', 'Jiangsu'),
(2998, 'Xingtai', 'TJ', 'Hebei'),
(2999, 'Xining', 'TJ', 'Qinghai'),
(3000, 'Xintai', 'TJ', 'Shandong'),
(3001, 'Xinxiang', 'TJ', 'Henan'),
(3002, 'Xinyang', 'TJ', 'Henan'),
(3003, 'Xinyu', 'TJ', 'Jiangxi'),
(3004, 'Xuancheng', 'TJ', 'Anhui'),
(3005, 'Xuchang', 'TJ', 'Henan'),
(3006, 'Xuzhou', 'TJ', 'Jiangsu'),
(3007, 'Yakeshi', 'TJ', 'Nei Monggol'),
(3008, 'Yakutsk', 'R', 'Rep. of Sakha'),
(3009, 'Yamagata', 'J', 'Yamagata'),
(3010, 'Yamaguchi', 'J', 'Yamaguchi'),
(3011, 'Yamoussoukro', 'CI', 'Cote dIvoire'),
(3012, 'Yanan', 'TJ', 'Shaanxi'),
(3013, 'Yancheng', 'TJ', 'Jiangsu'),
(3014, 'Yangjiang', 'TJ', 'Guangdong'),
(3015, 'Yangquan', 'TJ', 'Shanxi'),
(3016, 'Yangzhou', 'TJ', 'Jiangsu'),
(3017, 'Yanji', 'TJ', 'Jilin'),
(3018, 'Yantai', 'TJ', 'Shandong'),
(3019, 'Yaounde', 'CAM', 'Centre'),
(3020, 'Yaren', 'NAU', 'Nauru'),
(3021, 'Yaroslavl', 'R', 'Yaroslavskaya oblast'),
(3022, 'Yasuj', 'IR', 'Boyer Ahmad e Kohkiluyeh'),
(3023, 'Yazd', 'IR', 'Yazd'),
(3024, 'Yekaterinburg', 'R', 'Sverdlovskaya oblast'),
(3025, 'Yelets', 'R', 'Lipetskaya oblast'),
(3026, 'Yellowknife', 'CDN', 'Northwest Territories'),
(3027, 'Yerevan', 'ARM', 'Armenia'),
(3028, 'Yibin', 'TJ', 'Sichuan'),
(3029, 'Yichang', 'TJ', 'Hubei'),
(3030, 'Yichun', 'TJ', 'Heilongjiang'),
(3031, 'Yichun', 'TJ', 'Jiangxi'),
(3032, 'Yinchuan', 'TJ', 'Ningxia Huizu'),
(3033, 'Yingkou', 'TJ', 'Liaoning'),
(3034, 'Yining', 'TJ', 'Xinjiang Uygur'),
(3035, 'Yixing', 'TJ', 'Jiangsu'),
(3036, 'Yiyang', 'TJ', 'Hunan'),
(3037, 'Yizheng', 'TJ', 'Jiangsu'),
(3038, 'Yogyakarta', 'RI', 'Indonesia'),
(3039, 'Yokohama', 'J', 'Kanagawa'),
(3040, 'Yongan', 'TJ', 'Fujian'),
(3041, 'Yonkers', 'USA', 'New York'),
(3042, 'Yopal', 'CO', 'Casanare'),
(3043, 'York', 'CDN', 'Ontario'),
(3044, 'York', 'GB', 'North Yorkshire'),
(3045, 'Yoro', 'HCA', 'Yoro'),
(3046, 'Yoshkar Ola', 'R', 'Rep. of Mariy El'),
(3047, 'Yosu', 'ROK', 'South Korea'),
(3048, 'Yozgat', 'TR', 'Yozgat'),
(3049, 'Ystrad Fawr', 'GB', 'Caerphilly'),
(3050, 'Yuanjiang', 'TJ', 'Hunan'),
(3051, 'Yuci', 'TJ', 'Shanxi'),
(3052, 'Yueyang', 'TJ', 'Hunan'),
(3053, 'Yumen', 'TJ', 'Gansu'),
(3054, 'Yungho', 'RC', 'Taiwan'),
(3055, 'Yuscaran', 'HCA', 'El Paraiso'),
(3056, 'Yushu', 'TJ', 'Qinghai'),
(3057, 'Yuyao', 'TJ', 'Zhejiang'),
(3058, 'Yuzhno Sakhalinsk', 'R', 'Sakhalinskaya oblast'),
(3059, 'Zaanstreek', 'NL', 'Noord Holland'),
(3060, 'Zabrze', 'PL', 'Katowickie'),
(3061, 'Zacatecas', 'MEX', 'Zacatecas'),
(3062, 'Zagazig', 'ET', 'Sharqiya'),
(3063, 'Zagorsk', 'R', 'Moskovskaya oblast'),
(3064, 'Zagreb', 'HR', 'Croatia'),
(3065, 'Zahedan', 'IR', 'Sistan e Baluchestan'),
(3066, 'Zalaegerszeg', 'H', 'Zala'),
(3067, 'Zalau', 'RO', 'Salaj'),
(3068, 'Zamboanga', 'RP', 'Philippines'),
(3069, 'Zamora', 'MEX', 'Michoacan'),
(3070, 'Zamosc', 'PL', 'Zamojskie'),
(3071, 'Zanjan', 'IR', 'Zanjan'),
(3072, 'Zanzibar', 'EAT', 'Mjini Magharibi'),
(3073, 'Zaoyang', 'TJ', 'Hubei'),
(3074, 'Zaozhuang', 'TJ', 'Shandong'),
(3075, 'Zapopan', 'MEX', 'Jalisco'),
(3076, 'Zaporizhzhya', 'UA', 'Zaporizka'),
(3077, 'Zaragoza', 'E', 'Aragon'),
(3078, 'Zaria', 'WAN', 'Nigeria'),
(3079, 'Zelenodolysk', 'R', 'Rep. of Tatarstan'),
(3080, 'Zelenograd', 'R', 'Moskovskaya oblast'),
(3081, 'Zhambyl', 'KAZ', 'Zhambyl'),
(3082, 'Zhangjiakou', 'TJ', 'Hebei'),
(3083, 'Zhangzhou', 'TJ', 'Fujian'),
(3084, 'Zhanjiang', 'TJ', 'Guangdong'),
(3085, 'Zhaodong', 'TJ', 'Heilongjiang'),
(3086, 'Zhaoqing', 'TJ', 'Guangdong'),
(3087, 'Zhengzhou', 'TJ', 'Henan'),
(3088, 'Zhenjiang', 'TJ', 'Jiangsu'),
(3089, 'Zhezkazghan', 'KAZ', 'Zhezkazghan'),
(3090, 'Zhezqazghan', 'KAZ', 'Zhezkazghan'),
(3091, 'Zhongshan', 'TJ', 'Guangdong'),
(3092, 'Zhoukou', 'TJ', 'Henan'),
(3093, 'Zhoushan', 'TJ', 'Zhejiang'),
(3094, 'Zhucheng', 'TJ', 'Shandong'),
(3095, 'Zhuhai', 'TJ', 'Guangdong'),
(3096, 'Zhumadian', 'TJ', 'Henan'),
(3097, 'Zhuzhou', 'TJ', 'Hunan'),
(3098, 'Zhytomyr', 'UA', 'Zhytomyrska'),
(3099, 'Zibo', 'TJ', 'Shandong'),
(3100, 'Zielona Gora', 'PL', 'Zielonogorskie'),
(3101, 'Zigong', 'TJ', 'Sichuan'),
(3102, 'Ziguinchor', 'SN', 'Ziguinchor'),
(3103, 'Zixing', 'TJ', 'Hunan'),
(3104, 'Zlatoust', 'R', 'Chelyabinskaya oblast'),
(3105, 'Zlin', 'CZ', 'Jihomoravsky'),
(3106, 'Zonguldak', 'TR', 'Zonguldak'),
(3107, 'Zug', 'CH', 'ZG'),
(3108, 'Zunyi', 'TJ', 'Guizhou'),
(3109, 'Zurich', 'CH', 'ZH'),
(3110, 'Zwickau', 'D', 'Sachsen'),
(3111, 'Zwolle', 'NL', 'Overijssel');

--
-- Index pour les tables déchargées
--

--
-- Index pour la table `commentaire`
--
ALTER TABLE `commentaire`
  ADD PRIMARY KEY (`id`);

--
-- Index pour la table `demande_stage`
--
ALTER TABLE `demande_stage`
  ADD PRIMARY KEY (`id`),
  ADD KEY `FKrubfxnyq6ywy8up1txushk1ya` (`commentaire_id`),
  ADD KEY `FK5oqpfteqvkkhdver0j7aaigyd` (`entretien_id`),
  ADD KEY `FKhhd8xlow4y4d4nb4tb346s9im` (`etat_civile_id`),
  ADD KEY `FK3h98mcg3di7ff3xm0846gfgae` (`hobbies_id`),
  ADD KEY `FKr70p58o6r7swsbn9i1mgim0d8` (`lettre_motivation_id`),
  ADD KEY `FKl482t85bk9a8lmnprb1nlgbt0` (`responsable_domaine`),
  ADD KEY `FKfn7mbes65cpg0sh9rggblv4a7` (`stagiaire`);

--
-- Index pour la table `document_administratif`
--
ALTER TABLE `document_administratif`
  ADD PRIMARY KEY (`id`),
  ADD KEY `FKtj3onk6sk890jho1swcid8a6t` (`demande_stage`);

--
-- Index pour la table `entretien`
--
ALTER TABLE `entretien`
  ADD PRIMARY KEY (`id`),
  ADD KEY `FK4xgtv5a9qrwykrr6mmx6a4wg1` (`responsable_domaine`);

--
-- Index pour la table `etat_civile`
--
ALTER TABLE `etat_civile`
  ADD PRIMARY KEY (`id`),
  ADD KEY `FK9hcltv7pq7r1lssuyporh3jfa` (`pays`),
  ADD KEY `FKs6gkf7907ge399nw7fcen2hq1` (`ville`);

--
-- Index pour la table `experiences`
--
ALTER TABLE `experiences`
  ADD PRIMARY KEY (`id`),
  ADD KEY `FK2hcdmcs51v0mh6fu377ny1j2l` (`demande_stage`);

--
-- Index pour la table `formations`
--
ALTER TABLE `formations`
  ADD PRIMARY KEY (`id`),
  ADD KEY `FK2y8ui3jjqwd3rftlxcyb86aac` (`demande_stage_id`);

--
-- Index pour la table `hobbies`
--
ALTER TABLE `hobbies`
  ADD PRIMARY KEY (`id`);

--
-- Index pour la table `lettre_motivation`
--
ALTER TABLE `lettre_motivation`
  ADD PRIMARY KEY (`id`);

--
-- Index pour la table `notification`
--
ALTER TABLE `notification`
  ADD PRIMARY KEY (`id`),
  ADD KEY `FKn9gxo5ppcnfp3ept65w8hy6ou` (`demande_stage`),
  ADD KEY `FK1lq8p92gbjp3mh40cpnhhefii` (`destination_id`);

--
-- Index pour la table `pays`
--
ALTER TABLE `pays`
  ADD PRIMARY KEY (`code`);

--
-- Index pour la table `responsable_domaine`
--
ALTER TABLE `responsable_domaine`
  ADD PRIMARY KEY (`id`);

--
-- Index pour la table `responsable_stages`
--
ALTER TABLE `responsable_stages`
  ADD PRIMARY KEY (`id`);

--
-- Index pour la table `role`
--
ALTER TABLE `role`
  ADD PRIMARY KEY (`id`);

--
-- Index pour la table `stagiaire`
--
ALTER TABLE `stagiaire`
  ADD PRIMARY KEY (`id`);

--
-- Index pour la table `users_roles`
--
ALTER TABLE `users_roles`
  ADD KEY `FKt4v0rrweyk393bdgt107vdx0x` (`role_id`),
  ADD KEY `FK4jf1hkpfeswf8ijcpqpwko74a` (`user_id`);

--
-- Index pour la table `utilisateur`
--
ALTER TABLE `utilisateur`
  ADD PRIMARY KEY (`id`),
  ADD UNIQUE KEY `UK_rma38wvnqfaf66vvmi57c71lo` (`email`);

--
-- Index pour la table `ville`
--
ALTER TABLE `ville`
  ADD PRIMARY KEY (`id`);

--
-- Contraintes pour les tables déchargées
--

--
-- Contraintes pour la table `demande_stage`
--
ALTER TABLE `demande_stage`
  ADD CONSTRAINT `FK3h98mcg3di7ff3xm0846gfgae` FOREIGN KEY (`hobbies_id`) REFERENCES `hobbies` (`id`),
  ADD CONSTRAINT `FK5oqpfteqvkkhdver0j7aaigyd` FOREIGN KEY (`entretien_id`) REFERENCES `entretien` (`id`),
  ADD CONSTRAINT `FKfn7mbes65cpg0sh9rggblv4a7` FOREIGN KEY (`stagiaire`) REFERENCES `stagiaire` (`id`),
  ADD CONSTRAINT `FKhhd8xlow4y4d4nb4tb346s9im` FOREIGN KEY (`etat_civile_id`) REFERENCES `etat_civile` (`id`),
  ADD CONSTRAINT `FKl482t85bk9a8lmnprb1nlgbt0` FOREIGN KEY (`responsable_domaine`) REFERENCES `responsable_domaine` (`id`),
  ADD CONSTRAINT `FKr70p58o6r7swsbn9i1mgim0d8` FOREIGN KEY (`lettre_motivation_id`) REFERENCES `lettre_motivation` (`id`),
  ADD CONSTRAINT `FKrubfxnyq6ywy8up1txushk1ya` FOREIGN KEY (`commentaire_id`) REFERENCES `commentaire` (`id`);

--
-- Contraintes pour la table `document_administratif`
--
ALTER TABLE `document_administratif`
  ADD CONSTRAINT `FKtj3onk6sk890jho1swcid8a6t` FOREIGN KEY (`demande_stage`) REFERENCES `demande_stage` (`id`);

--
-- Contraintes pour la table `entretien`
--
ALTER TABLE `entretien`
  ADD CONSTRAINT `FK4xgtv5a9qrwykrr6mmx6a4wg1` FOREIGN KEY (`responsable_domaine`) REFERENCES `responsable_domaine` (`id`);

--
-- Contraintes pour la table `etat_civile`
--
ALTER TABLE `etat_civile`
  ADD CONSTRAINT `FK9hcltv7pq7r1lssuyporh3jfa` FOREIGN KEY (`pays`) REFERENCES `pays` (`code`),
  ADD CONSTRAINT `FKs6gkf7907ge399nw7fcen2hq1` FOREIGN KEY (`ville`) REFERENCES `ville` (`id`);

--
-- Contraintes pour la table `experiences`
--
ALTER TABLE `experiences`
  ADD CONSTRAINT `FK2hcdmcs51v0mh6fu377ny1j2l` FOREIGN KEY (`demande_stage`) REFERENCES `demande_stage` (`id`);

--
-- Contraintes pour la table `formations`
--
ALTER TABLE `formations`
  ADD CONSTRAINT `FK2y8ui3jjqwd3rftlxcyb86aac` FOREIGN KEY (`demande_stage_id`) REFERENCES `demande_stage` (`id`);

--
-- Contraintes pour la table `notification`
--
ALTER TABLE `notification`
  ADD CONSTRAINT `FK1lq8p92gbjp3mh40cpnhhefii` FOREIGN KEY (`destination_id`) REFERENCES `utilisateur` (`id`),
  ADD CONSTRAINT `FKn9gxo5ppcnfp3ept65w8hy6ou` FOREIGN KEY (`demande_stage`) REFERENCES `demande_stage` (`id`);

--
-- Contraintes pour la table `responsable_domaine`
--
ALTER TABLE `responsable_domaine`
  ADD CONSTRAINT `FKccwsn1tadd44gmo3gebs08n29` FOREIGN KEY (`id`) REFERENCES `utilisateur` (`id`);

--
-- Contraintes pour la table `responsable_stages`
--
ALTER TABLE `responsable_stages`
  ADD CONSTRAINT `FKjtvqwk2wm4afik8a4guwvfe1e` FOREIGN KEY (`id`) REFERENCES `utilisateur` (`id`);

--
-- Contraintes pour la table `stagiaire`
--
ALTER TABLE `stagiaire`
  ADD CONSTRAINT `FKq7yf225arediwm36e5hiy8aqw` FOREIGN KEY (`id`) REFERENCES `utilisateur` (`id`);

--
-- Contraintes pour la table `users_roles`
--
ALTER TABLE `users_roles`
  ADD CONSTRAINT `FK4jf1hkpfeswf8ijcpqpwko74a` FOREIGN KEY (`user_id`) REFERENCES `utilisateur` (`id`),
  ADD CONSTRAINT `FKt4v0rrweyk393bdgt107vdx0x` FOREIGN KEY (`role_id`) REFERENCES `role` (`id`);

DELIMITER $$
--
-- Évènements
--
CREATE DEFINER=`root`@`localhost` EVENT `SendDecisionNotificationToResponsible` ON SCHEDULE EVERY 1 SECOND STARTS '2020-08-10 00:00:00' ON COMPLETION NOT PRESERVE ENABLE DO UPDATE demande_stage d SET d.decision_tomake=1 WHERE d.entretien_id = (SELECT e.id FROM entretien e WHERE e.date = CURRENT_DATE AND e.time < CURRENT_TIME)$$

DELIMITER ;
COMMIT;

/*!40101 SET CHARACTER_SET_CLIENT=@OLD_CHARACTER_SET_CLIENT */;
/*!40101 SET CHARACTER_SET_RESULTS=@OLD_CHARACTER_SET_RESULTS */;
/*!40101 SET COLLATION_CONNECTION=@OLD_COLLATION_CONNECTION */;
